TimeDate,loadMW,loadKVAR,phaseA_amp,phaseA_amp.1,phaseC_amp
2018-01-01 00:00:00,1.4999999100000003,1.3349999099999998,105.35561847599999,75.0,75.0119524
2018-01-01 00:15:00,1.4999999100000003,1.3349999099999998,107.916074275,76.987950802,77.330677509
2018-01-01 00:30:00,1.4999999100000003,1.3349999099999998,110.47652864499997,81.05421781500002,81.364541053
2018-01-01 00:45:00,1.4999999100000003,1.3349999099999998,113.03698492000001,85.12048244399999,85.39840698299999
2018-01-01 01:00:00,1.4999999100000003,1.3349999099999998,115.59743928900001,89.18674707500001,89.432270527
2018-01-01 01:15:00,1.4999999100000003,1.3349999099999998,118.15789508900001,93.253011703,93.46613550100001
2018-01-01 01:30:00,1.4999999100000003,1.3349999099999998,120.718349934,97.31927633400002,97.5
2018-01-01 01:45:00,1.4999999100000003,1.3349999099999998,123.278805733,101.38554239300001,101.533864499
2018-01-01 02:00:00,1.4999999100000003,1.3349999099999998,125.839260102,105.45180797399999,105.56772947300001
2018-01-01 02:15:00,1.4999999100000003,1.3349999099999998,128.399716378,109.518072606,109.601593017
2018-01-01 02:30:00,1.4999999100000003,1.3349999099999998,130.960170746,113.58433723399997,113.635458947
2018-01-01 02:45:00,1.4999999100000003,1.3349999099999998,133.520625115,117.650601864,117.669322491
2018-01-01 03:00:00,1.4999999100000003,1.3349999099999998,83.379764558,81.625302793,81.30898570999999
2018-01-01 03:15:00,1.4999999100000003,1.3349999099999998,80.335968494,80.335968494,79.118993281
2018-01-01 03:30:00,1.4999999100000003,1.3349999099999998,84.33794498500001,84.33794498500001,82.208238124
2018-01-01 03:45:00,1.4999999100000003,1.3349999099999998,88.339920998,88.339920998,85.297482968
2018-01-01 04:00:00,1.4999999100000003,1.3349999099999998,92.34189701,92.34189701,88.38672733200002
2018-01-01 04:15:00,1.4999999100000003,1.3349999099999998,96.34387350100002,96.34387350100002,91.475972653
2018-01-01 04:30:00,1.4999999100000003,1.3349999099999998,100.345849515,100.345849515,94.56521797300002
2018-01-01 04:45:00,1.4999999100000003,1.3349999099999998,104.34782600400001,104.34782600400001,97.654461861
2018-01-01 05:00:00,1.4999999100000003,1.3349999099999998,108.349802494,108.349802494,100.743707181
2018-01-01 05:15:00,1.4999999100000003,1.3349999099999998,112.35177898399999,112.35177898399999,103.83295202299999
2018-01-01 05:30:00,1.4999999100000003,1.3349999099999998,116.35375499700001,116.35375499700001,106.92219686499999
2018-01-01 05:45:00,1.4999999100000003,1.3349999099999998,118.39490747399998,118.37869214899999,110.01144123000002
2018-01-01 06:00:00,1.4999999100000003,1.3349999099999998,112.039710522,111.93784284600002,113.10068654899999
2018-01-01 06:15:00,1.447975485,1.3349999099999998,104.729241848,104.53382015199999,116.18993139299998
2018-01-01 06:30:00,1.2268715739999998,1.3349999099999998,97.41877365100001,97.12979984299999,118.59333705800002
2018-01-01 06:45:00,0.992761597,1.3349999099999998,90.10830211599999,89.72577619500001,107.57999944700002
2018-01-01 07:00:00,0.7586516120000001,1.3349999099999998,82.797834396,82.32175540900002,91.38000011499997
2018-01-01 07:15:00,0.5245416190000001,1.3349999099999998,76.553822518,76.415793896,75.72006940699998
2018-01-01 07:30:00,0.29043162699999997,1.3349999099999998,78.84146357,79.13218974900002,63.458212138000015
2018-01-01 07:45:00,0.05632163600000001,1.3349999099999998,82.957316871,83.21897077700001,51.786743403999985
2018-01-01 08:00:00,-0.177788353,1.3349999099999998,87.07317066300001,87.30575179899999,40.115273952
2018-01-01 08:15:00,-0.41189834500000005,1.3349999099999998,91.18902445000002,91.392532827,33.028098105
2018-01-01 08:30:00,-0.646008336,1.3349999099999998,95.304877755,95.47931384900001,42.75
2018-01-01 08:45:00,-0.8801183320000001,1.3349999099999998,99.42073202399999,99.56609487600002,54.0
2018-01-01 09:00:00,-1.114228301,1.3349999099999998,103.53658533,103.6528759,65.25
2018-01-01 09:15:00,-1.3483383119999999,1.3349999099999998,107.652439116,107.739656926,77.12234067899999
2018-01-01 09:30:00,-1.582448304,1.3349999099999998,111.768292908,111.82643794900001,91.276595592
2018-01-01 09:45:00,-1.8135500469999999,1.3349999099999998,115.88414621,115.913218975,105.63829803499999
2018-01-01 10:00:00,-1.7979781529999999,1.3349999099999998,102.090045452,101.63489437200002,95.70917916200001
2018-01-01 10:15:00,-1.6259789890000003,1.3349999099999998,119.96986293599998,124.005867956,109.005868433
2018-01-01 10:30:00,-1.453979827,1.3349999099999998,105.37974691299999,120.37974357399999,105.37974691299999
2018-01-01 10:45:00,-1.281980659,1.3349999099999998,59.919909476,74.91990995299999,59.919909476
2018-01-01 11:00:00,-1.1099814940000001,1.3349999099999998,73.6842103,88.6842103,73.6842103
2018-01-01 11:15:00,-0.93798231,1.3349999099999998,83.31424212399999,97.726006984,88.22600579200001
2018-01-01 11:30:00,-0.765983128,1.3349999099999998,92.65562534399999,95.53921556500002,51.705882550000005
2018-01-01 11:45:00,-0.5939839589999999,1.3349999099999998,118.726371289,115.81428432300001,94.944799899
2018-01-01 12:00:00,-0.42198479099999997,1.3349999099999998,139.261363983,115.45425653499998,140.15625
2018-01-01 12:15:00,-0.24998563000000001,1.3349999099999998,123.920454503,101.957040309,126.09375
2018-01-01 12:30:00,-0.07798646899999999,1.3349999099999998,108.33379125699999,89.06921243800001,112.03125
2018-01-01 12:45:00,0.094012698,1.3349999099999998,87.93955993599998,76.18138408699998,92.183544636
2018-01-01 13:00:00,0.26601187400000004,1.3349999099999998,69.19059848799999,66.519862651,68.699016095
2018-01-01 13:15:00,0.43801104100000005,1.3349999099999998,86.62659597300001,86.62659597300001,82.03324580200001
2018-01-01 13:30:00,0.610010214,1.3349999099999998,64.55905509,65.892388106,56.226596594
2018-01-01 13:45:00,0.7820093829999999,1.3349999099999998,74.64444470400001,90.449494124,74.86666679400001
2018-01-01 14:00:00,0.954008528,1.3349999099999998,67.35849046500002,82.83116912899999,83.255814552
2018-01-01 14:15:00,1.126007689,1.3349999099999998,65.518867492,64.858411312,48.052534580999996
2018-01-01 14:30:00,1.298006854,1.3349999099999998,69.76415157399998,66.37211894900001,53.917050601999996
2018-01-01 14:45:00,1.470006026,1.3349999099999998,74.009433271,70.81778240400001,60.138248682
2018-01-01 15:00:00,1.6420051910000002,1.3349999099999998,78.25471734899999,75.26344680800001,66.359447477
2018-01-01 15:15:00,1.8140043640000003,1.3349999099999998,82.50000000000001,79.709110737,72.580645084
2018-01-01 15:30:00,1.986003535,1.3349999099999998,86.745282651,84.154774665,78.801843644
2018-01-01 15:45:00,2.1580026880000003,1.3349999099999998,90.99056672900002,88.600439073,85.02304125
2018-01-01 16:00:00,2.330001859,1.3349999099999998,95.23584842599999,93.046103001,89.60685348500002
2018-01-01 16:15:00,2.5020010310000003,1.3349999099999998,99.48113250800003,97.49176740600001,89.42735958099999
2018-01-01 16:30:00,2.6740002040000004,1.3349999099999998,103.62252235499999,101.937431335,88.95015907299998
2018-01-01 16:45:00,2.7599997749999994,1.3349999099999998,104.33544254399999,104.60840034499999,88.472958088
2018-01-01 17:00:00,2.7599997749999994,1.3349999099999998,103.38607644999999,103.75395965599999,87.99575900999999
2018-01-01 17:15:00,2.7599997749999994,1.3349999099999998,102.43670844800002,102.803589821,87.51855754899998
2018-01-01 17:30:00,2.7599997749999994,1.3349999099999998,101.48734188,101.85322094,87.041357517
2018-01-01 17:45:00,2.7599997749999994,1.3349999099999998,100.537974359,100.902851582,86.56415653199998
2018-01-01 18:00:00,2.7599997749999994,1.3349999099999998,99.58860778900001,99.95248126900002,86.08695697799999
2018-01-01 18:15:00,2.7599997749999994,1.3349999099999998,98.639240742,99.002111912,85.609755992
2018-01-01 18:30:00,2.7599997749999994,1.3349999099999998,97.68987321700001,98.051743031,85.13255548499998
2018-01-01 18:45:00,2.7599997749999994,1.3349999099999998,96.740506649,97.101372241,84.65535545299998
2018-01-01 19:00:00,2.7599997749999994,1.3349999099999998,95.791138649,96.15100288400001,84.17815494499999
2018-01-01 19:15:00,2.7599997749999994,1.3349999099999998,94.841772556,95.200634003,83.700954437
2018-01-01 19:30:00,2.7599997749999994,1.3349999099999998,93.892404558,94.250263691,83.223753451
2018-01-01 19:45:00,2.7599997749999994,1.3349999099999998,92.94303846300001,93.299894332,82.74655389799999
2018-01-01 20:00:00,2.7599997749999994,1.3349999099999998,91.993670941,92.349524975,82.26935291299999
2018-01-01 20:15:00,2.7599997749999994,1.3349999099999998,91.04430389299999,91.39915561699999,81.79215288099999
2018-01-01 20:30:00,2.7599997749999994,1.3349999099999998,90.09493684799997,90.44878530400001,81.314951897
2018-01-01 20:45:00,2.7599997749999994,1.3349999099999998,89.145569326,89.49841594800002,80.837752342
2018-01-01 21:00:00,2.7599997749999994,1.3349999099999998,88.196202755,88.54804706600001,80.36055135800001
2018-01-01 21:15:00,2.7599997749999994,1.3349999099999998,87.246834753,87.597676277,79.883350849
2018-01-01 21:30:00,2.7599997749999994,1.3349999099999998,86.29746866099998,86.647306919,79.40615081700001
2018-01-01 21:45:00,2.7599997749999994,1.3349999099999998,85.34810113999998,85.696938038,78.92895031100001
2018-01-01 22:00:00,2.7599997749999994,1.3349999099999998,84.39873457000002,84.746568203,78.45174979999999
2018-01-01 22:15:00,2.7599997749999994,1.3349999099999998,83.449367047,83.79619836699999,77.974548817
2018-01-01 22:30:00,2.7599997749999994,1.3349999099999998,82.50000000000001,82.84582901099999,77.497349262
2018-01-01 22:45:00,2.7599997749999994,1.3349999099999998,81.55063295299999,81.895459652,77.020148277
2018-01-01 23:00:00,2.7599997749999994,1.3349999099999998,80.60126543,80.94508934,76.542948246
2018-01-01 23:15:00,2.7599997749999994,1.3349999099999998,79.65189886,79.99471998300001,76.065747261
2018-01-01 23:30:00,2.7599997749999994,1.3349999099999998,78.702531339,79.04435110099999,75.588547707
2018-01-01 23:45:00,2.7599997749999994,1.3349999099999998,77.75316524700001,78.09398078900001,75.267579079
2018-01-02 00:00:00,2.7599997749999994,1.3349999099999998,76.80379724499998,77.14361143099998,78.002901553
2018-01-02 00:15:00,2.7599997749999994,1.3349999099999998,75.854430674,76.19324207300001,81.91972923300001
2018-01-02 00:30:00,2.7599997749999994,1.3349999099999998,75.994085313,75.428512572,85.83655691200002
2018-01-02 00:45:00,2.7363196920000004,1.3349999099999998,80.610832214,78.9566946,89.75338506800001
2018-01-02 01:00:00,2.688959508,1.3349999099999998,85.711585999,84.2716527,93.67021227000002
2018-01-02 01:15:00,2.6415993129999995,1.3349999099999998,90.812342644,89.586613656,97.587041377
2018-01-02 01:30:00,2.5942391160000002,1.3349999099999998,95.913098812,94.90157604,101.503867625
2018-01-02 01:45:00,2.5468789339999995,1.3349999099999998,101.013853074,100.21653414000001,105.420696735
2018-01-02 02:00:00,2.4995187370000007,1.3349999099999998,106.11460971800001,105.53149652399999,109.33752346200001
2018-01-02 02:15:00,2.4521585559999997,1.3349999099999998,111.21536588700002,110.84645748,113.25435257000001
2018-01-02 02:30:00,2.404798359,1.3349999099999998,116.316120148,116.16141558000001,117.171179771
2018-01-02 02:45:00,2.357438162,1.3349999099999998,87.253589153,87.168912412,85.97543096499999
2018-01-02 03:00:00,2.3100779950000003,1.3349999099999998,78.96088028,78.57090377700001,72.544214726
2018-01-02 03:15:00,2.2627177979999997,1.3349999099999998,82.26161384500001,81.546657086,70.49772596400001
2018-01-02 03:30:00,2.215357617,1.3349999099999998,85.562346936,84.52240896200001,68.451237678
2018-01-02 03:45:00,2.1679974189999998,1.3349999099999998,88.86308050199997,87.49816417699999,66.404749871
2018-01-02 04:00:00,2.1206372239999998,1.3349999099999998,92.163814067,90.47391414599998,64.35826206300001
2018-01-02 04:15:00,2.073277041,1.3349999099999998,95.464547635,93.449671269,62.311773300999995
2018-01-02 04:30:00,2.0259168450000002,1.3349999099999998,98.765281199,96.42542123800001,60.265285967
2018-01-02 04:45:00,1.9785566630000002,1.3349999099999998,102.066014768,99.40117645299999,58.218797443999996
2018-01-02 05:00:00,1.9311964659999998,1.3349999099999998,105.366748332,102.376928329,56.17230915900001
2018-01-02 05:15:00,1.8838362690000003,1.3349999099999998,108.66748142399999,105.35268163699999,54.12582111400001
2018-01-02 05:30:00,1.836476096,1.3349999099999998,111.96821498799999,108.32843542100002,52.07933282799999
2018-01-02 05:45:00,1.789115898,1.3349999099999998,115.268948556,111.30418682099999,50.032845019999996
2018-01-02 06:00:00,1.741755715,1.3349999099999998,118.54347896499999,114.279942512,47.986356735
2018-01-02 06:15:00,1.694395526,1.3349999099999998,115.188679218,117.25569248199999,45.939868451
2018-01-02 06:30:00,1.647035339,1.3349999099999998,106.69811296499999,117.485489369,43.893380642
2018-01-02 06:45:00,1.5996751500000002,1.3349999099999998,98.20754718599999,105.44999980899999,41.846892358000005
2018-01-02 07:00:00,1.5523149520000001,1.3349999099999998,89.716980934,91.949999809,39.80040430900001
2018-01-02 07:15:00,1.504954771,1.3349999099999998,81.22641515900001,78.95434856499999,37.753916026
2018-01-02 07:30:00,1.4575945799999999,1.3349999099999998,76.10252141900001,77.621741295,35.707427978
2018-01-02 07:45:00,1.410234391,1.3349999099999998,78.78318643500002,81.14347887,33.660939932000005
2018-01-02 08:00:00,1.3628742020000002,1.3349999099999998,81.769911289,84.665215016,31.614451886
2018-01-02 08:15:00,1.315514007,1.3349999099999998,84.756637575,88.18695545100002,32.420507668999996
2018-01-02 08:30:00,1.268153825,1.3349999099999998,87.74336242499999,91.708695889,41.198630333000004
2018-01-02 08:45:00,1.044873864,1.3349999099999998,90.73008871099998,95.23043632499999,50.445205212999994
2018-01-02 09:00:00,0.653322824,1.3349999099999998,93.71681356499998,98.75217676099999,59.691780328000014
2018-01-02 09:15:00,0.26177178400000006,1.3349999099999998,96.70353984799999,102.273910523,68.938355446
2018-01-02 09:30:00,-0.129779241,1.3349999099999998,99.69026565600001,105.795650482,77.40434837299999
2018-01-02 09:45:00,-0.521330297,1.3349999099999998,102.67699146200002,109.317390919,84.486062526
2018-01-02 10:00:00,-0.9128813400000002,1.3349999099999998,105.66371679400001,112.839131355,91.54181194399999
2018-01-02 10:15:00,-1.304432378,1.3349999099999998,108.65044259999998,116.360871792,98.597560883
2018-01-02 10:30:00,-1.6959834249999997,1.3349999099999998,111.63716792999998,116.250513077,105.65330982099998
2018-01-02 10:45:00,-2.076013133,1.3349999099999998,114.62389373799999,91.16022062299999,112.70905971500001
2018-01-02 11:00:00,-2.075838895,1.3349999099999998,117.61061906799998,88.57973528000001,108.15444278900002
2018-01-02 11:15:00,-1.891323318,1.3349999099999998,118.5848732,116.1328125,101.10674142900002
2018-01-02 11:30:00,-1.7068077789999998,1.3349999099999998,113.70466232300001,111.612723351,96.55618000000003
2018-01-02 11:45:00,-1.5222922110000001,1.3349999099999998,108.458549976,107.09263372400001,92.00561809499997
2018-01-02 12:00:00,-1.3377766610000001,1.3349999099999998,103.212435245,102.572544575,87.455056191
2018-01-02 12:15:00,-1.153261103,1.3349999099999998,97.966320515,98.05245542499999,82.904494286
2018-01-02 12:30:00,-0.9687455469999999,1.3349999099999998,92.720207691,93.53236627599999,78.35393285600001
2018-01-02 12:45:00,-0.7842299939999999,1.3349999099999998,87.474093438,89.012276649,73.80337047600001
2018-01-02 13:00:00,-0.5997144320000001,1.3349999099999998,82.22797870599999,84.4921875,69.25280904899999
2018-01-02 13:15:00,-0.415198882,1.3349999099999998,77.05054664599999,79.972098351,64.702247141
2018-01-02 13:30:00,-0.230683322,1.3349999099999998,77.504970074,76.125754357,61.21548938700001
2018-01-02 13:45:00,-0.046167766000000006,1.3349999099999998,81.530815602,78.511560917,65.045103072
2018-01-02 14:00:00,0.13834779100000003,1.3349999099999998,85.556659698,82.413295269,70.26417541599997
2018-01-02 14:15:00,0.322863346,1.3349999099999998,89.582505227,86.315028668,75.483247279
2018-01-02 14:30:00,0.5073789,1.3349999099999998,93.6083498,90.216762543,80.70231962300001
2018-01-02 14:45:00,0.691894457,1.3349999099999998,97.634194851,94.118496894,85.921391963
2018-01-02 15:00:00,0.876410014,1.3349999099999998,101.660039902,98.020231248,91.14046383100002
2018-01-02 15:15:00,1.0609255650000002,1.3349999099999998,105.685884475,101.921965598,96.35953616899998
2018-01-02 15:30:00,1.2454411239999998,1.3349999099999998,109.711730003,105.823699953,101.57860803700001
2018-01-02 15:45:00,1.371237875,1.3349999099999998,113.73757409999999,109.725433347,104.598934175
2018-01-02 16:00:00,1.4212394179999996,1.3349999099999998,117.763419628,113.627167227,103.720027923
2018-01-02 16:15:00,1.47094138,1.3349999099999998,118.95550822999999,117.52890157499999,102.767982957
2018-01-02 16:30:00,1.520643349,1.3349999099999998,116.63599729500001,119.03900813999999,101.81593799099998
2018-01-02 16:45:00,1.5703453040000002,1.3349999099999998,114.307073118,116.62911128899998,100.863892554
2018-01-02 17:00:00,1.6200472610000003,1.3349999099999998,111.97814846200001,114.162606716,99.911848074
2018-01-02 17:15:00,1.669749231,1.3349999099999998,109.64922380499999,111.69610166499999,98.95980215400002
2018-01-02 17:30:00,1.7194511910000003,1.3349999099999998,107.32029867199999,109.229598522,98.00775766500001
2018-01-02 17:45:00,1.769153154,1.3349999099999998,104.99137449300001,106.763092994,97.055712222
2018-01-02 18:00:00,1.8188551119999998,1.3349999099999998,102.662449838,104.29659032800001,96.103667256
2018-01-02 18:15:00,1.868557074,1.3349999099999998,100.333525179,101.830084802,95.151621813
2018-01-02 18:30:00,1.9182590399999995,1.3349999099999998,98.004600048,99.363581181,94.19957685499998
2018-01-02 18:45:00,1.9679609969999998,1.3349999099999998,95.67567586799998,96.897077083,93.247531896
2018-01-02 19:00:00,2.017662957,1.3349999099999998,93.34675121400001,94.43057155600002,92.295486453
2018-01-02 19:15:00,2.067364917,1.3349999099999998,91.01782608000002,91.96406889000001,91.34344196400001
2018-01-02 19:30:00,2.1170668900000003,1.3349999099999998,88.688901426,89.49756336199998,90.391396044
2018-01-02 19:45:00,2.1667688490000003,1.3349999099999998,86.35997724599999,87.03106021899998,89.43935155499999
2018-01-02 20:00:00,2.2164708079999995,1.3349999099999998,84.031052591,84.56455516700001,88.487306112
2018-01-02 20:15:00,2.2661727670000005,1.3349999099999998,81.702127456,82.098051071,87.53526115799998
2018-01-02 20:30:00,2.3158747259999997,1.3349999099999998,79.37320280099999,79.631547451,86.583215718
2018-01-02 20:45:00,2.3655766989999996,1.3349999099999998,77.04427862200001,77.165041447,85.631170275
2018-01-02 21:00:00,2.415278658,1.3349999099999998,75.256457806,75.17539644200001,84.679125786
2018-01-02 21:15:00,2.4649806180000002,1.3349999099999998,75.52732324500002,75.0,83.727079866
2018-01-02 21:30:00,2.514682576,1.3349999099999998,75.997215749,75.0,82.77503537700001
2018-01-02 21:45:00,2.5643845499999998,1.3349999099999998,76.46710777199999,75.0,81.82298993700002
2018-01-02 22:00:00,2.614086509,1.3349999099999998,76.93699931999998,75.0,80.87094498100001
2018-01-02 22:15:00,2.6637884819999993,1.3349999099999998,77.40689182400001,75.0,79.918900017
2018-01-02 22:30:00,2.713490442000001,1.3349999099999998,77.876784324,75.0,78.96685457400001
2018-01-02 22:45:00,2.7631923990000002,1.3349999099999998,78.34667539499999,75.0,78.014809608
2018-01-02 23:00:00,2.812894359,1.3349999099999998,78.816567899,75.0,77.062764165
2018-01-02 23:15:00,2.8625963189999997,1.3349999099999998,79.28646039899999,75.0,76.11071967599999
2018-01-02 23:30:00,2.9109100549999996,1.3349999099999998,79.756352424,75.0,75.305354592
2018-01-02 23:45:00,2.92712091,1.3349999099999998,80.226243974,75.0,76.40683651
2018-01-03 00:00:00,2.9299699949999995,1.3349999099999998,80.69613647400001,75.0,78.095039844
2018-01-03 00:15:00,2.932819095,1.3349999099999998,81.16602849899999,75.0,79.78324270300001
2018-01-03 00:30:00,2.93566821,1.3349999099999998,81.63592100199998,75.0,81.471446515
2018-01-03 00:45:00,2.9385173,1.3349999099999998,82.10581254900002,75.0,83.15965032500002
2018-01-03 01:00:00,2.94136641,1.3349999099999998,82.575704574,75.0,84.847853184
2018-01-03 01:15:00,2.944215525,1.3349999099999998,83.04559707699998,75.0,86.536056519
2018-01-03 01:30:00,2.9470646099999995,1.3349999099999998,83.51548957800001,75.0,88.22426033099998
2018-01-03 01:45:00,2.9499137100000006,1.3349999099999998,83.98538064899999,75.0,89.91246366499999
2018-01-03 02:00:00,2.9527628249999998,1.3349999099999998,84.455273151,75.0,91.60066652299999
2018-01-03 02:15:00,2.95561191,1.3349999099999998,84.92516565300001,75.0,93.288870335
2018-01-03 02:30:00,2.958461012000001,1.3349999099999998,85.395057678,75.0,94.97707414700001
2018-01-03 02:45:00,2.961310138,1.3349999099999998,85.864949226,75.0,96.665277003
2018-01-03 03:00:00,2.964159225,1.3349999099999998,86.33484172799999,75.0,98.35348033900001
2018-01-03 03:15:00,2.9670083250000006,1.3349999099999998,86.80473375300002,75.0,100.041684151
2018-01-03 03:30:00,2.969857425,1.3349999099999998,87.274625778,75.0,101.729887962
2018-01-03 03:45:00,2.9727064949999993,1.3349999099999998,87.74451780299998,75.0,103.418090344
2018-01-03 04:00:00,2.9755556100000002,1.3349999099999998,88.214409828,75.0,105.106294155
2018-01-03 04:15:00,2.9784047099999995,1.3349999099999998,88.68430233000001,75.0,106.79449796600002
2018-01-03 04:30:00,2.9812538039999996,1.3349999099999998,89.154194355,75.0,108.482701303
2018-01-03 04:45:00,2.9841029250000006,1.3349999099999998,89.62408590299998,75.0,110.17090415900003
2018-01-03 05:00:00,2.9869520249999995,1.3349999099999998,89.45723915,81.982758522,111.859107971
2018-01-03 05:15:00,2.98980111,1.3349999099999998,87.43806028299998,95.948275566,113.547311783
2018-01-03 05:30:00,2.992650225,1.3349999099999998,85.30311012199999,109.91379261000002,115.23551464
2018-01-03 05:45:00,2.995499324999999,1.3349999099999998,83.168160438,118.280242921,116.92371797499999
2018-01-03 06:00:00,2.99834841,1.3349999099999998,81.033210278,114.172297001,118.61192178700001
2018-01-03 06:15:00,3.001197529,1.3349999099999998,78.898260118,109.61148691200002,118.36246347400001
2018-01-03 06:30:00,3.0040466389999994,1.3349999099999998,76.763310432,105.050675392,112.050000191
2018-01-03 06:45:00,3.006895725,1.3349999099999998,74.628360748,100.489864826,105.299999714
2018-01-03 07:00:00,3.00974484,1.3349999099999998,72.49341058600001,95.92905425999999,98.55000019
2018-01-03 07:15:00,3.01259394,1.3349999099999998,70.358460903,91.36824274099999,91.79999971400001
2018-01-03 07:30:00,3.00372763,1.3349999099999998,68.22351026600002,86.807433129,85.05000019100001
2018-01-03 07:45:00,2.9552713480000006,1.3349999099999998,66.088561059,82.246621131,78.300000191
2018-01-03 08:00:00,2.903583228,1.3349999099999998,63.95361137300001,77.68581104300002,72.970588206
2018-01-03 08:15:00,2.851895109,1.3349999099999998,61.818660736000005,75.91193723699999,69.00000000099999
2018-01-03 08:30:00,2.800206959,1.3349999099999998,59.683711050999996,78.04475212000001,65.029411792
2018-01-03 08:45:00,2.748518841,1.3349999099999998,57.54876112999999,80.20245075,61.05882406200001
2018-01-03 09:00:00,2.6968307039999995,1.3349999099999998,55.413811206000005,82.36014890700001,57.088235143999995
2018-01-03 09:15:00,2.6451426000000007,1.3349999099999998,53.278861285,84.51784801599999,53.117647169
2018-01-03 09:30:00,2.593454466,1.3349999099999998,51.143911599000006,86.67554569299999,49.147058725
2018-01-03 09:45:00,2.541766331,1.3349999099999998,49.00896143800001,88.83324479999999,45.17647051999999
2018-01-03 10:00:00,2.4900781960000002,1.3349999099999998,46.874011755,90.990942478,41.205882308
2018-01-03 10:15:00,2.4383900759999997,1.3349999099999998,46.305664776,93.14864158600001,37.235294104000005
2018-01-03 10:30:00,2.386701956,1.3349999099999998,51.697613002,95.306340218,33.264705897999995
2018-01-03 10:45:00,2.3350138369999995,1.3349999099999998,57.665781976000005,97.464038373,31.827221393
2018-01-03 11:00:00,2.2833256860000004,1.3349999099999998,63.633952141,99.62173700400001,38.31589961000001
2018-01-03 11:15:00,2.2316375670000004,1.3349999099999998,69.602121829,101.77943515700001,45.376568796
2018-01-03 11:30:00,2.179949447,1.3349999099999998,75.57029151799998,103.937133787,52.43723869200001
2018-01-03 11:45:00,2.1282613140000004,1.3349999099999998,81.53846168499999,106.094831943,59.497907639999994
2018-01-03 12:00:00,2.076573193,1.3349999099999998,87.50663137500001,108.25253057699999,66.558577537
2018-01-03 12:15:00,2.024885058,1.3349999099999998,93.47480154200001,110.41022873000001,73.61924696
2018-01-03 12:30:00,1.9731969390000001,1.3349999099999998,99.44297122999998,112.567927837,80.67991590399998
2018-01-03 12:45:00,1.921508804,1.3349999099999998,105.41113996399999,114.72562599199999,87.74058580400002
2018-01-03 13:00:00,1.8698206700000004,1.3349999099999998,111.37931013000002,116.883324622,94.80125570400001
2018-01-03 13:15:00,1.8181325629999998,1.3349999099999998,116.588638305,118.28782606199998,101.101464271
2018-01-03 13:30:00,1.7664444209999999,1.3349999099999998,77.8125,77.155072689,62.850679398
2018-01-03 13:45:00,1.714756294,1.3349999099999998,83.839285851,81.77309131599998,68.95927620000002
2018-01-03 14:00:00,1.6630681660000002,1.3349999099999998,89.866071224,86.39110565099998,75.067873478
2018-01-03 14:15:00,1.6113800480000002,1.3349999099999998,95.892857075,91.00912189499998,81.176470279
2018-01-03 14:30:00,1.5596919209999998,1.3349999099999998,101.91964292499999,95.62713861599998,87.28506708200001
2018-01-03 14:45:00,1.5080037940000002,1.3349999099999998,107.94642877599999,100.24515247499997,93.39366579
2018-01-03 15:00:00,1.4563156589999997,1.3349999099999998,113.973214149,104.86317157799999,99.502262592
2018-01-03 15:15:00,1.404627532,1.3349999099999998,119.06818199199998,109.48118448300002,104.340307715
2018-01-03 15:30:00,1.3668377760000003,1.3349999099999998,118.53896093400002,114.09920311000002,103.954961298
2018-01-03 15:45:00,1.3649999700000002,1.3349999099999998,117.077922344,118.56576681000003,103.00492572799999
2018-01-03 16:00:00,1.3649999700000002,1.3349999099999998,115.616882801,118.860537529,102.05489158500001
2018-01-03 16:15:00,1.3649999700000002,1.3349999099999998,114.155844211,117.28282022399999,101.104854585
2018-01-03 16:30:00,1.3649999700000002,1.3349999099999998,112.694805146,115.705103397,100.15482187500001
2018-01-03 16:45:00,1.3649999700000002,1.3349999099999998,111.233766079,114.127386093,99.20478343699999
2018-01-03 17:00:00,1.3649999700000002,1.3349999099999998,109.772727489,112.549668789,98.254752161
2018-01-03 17:15:00,1.3649999700000002,1.3349999099999998,108.311687947,110.97195196099999,97.304713725
2018-01-03 17:30:00,1.3649999700000002,1.3349999099999998,106.85064935599999,109.394234657,96.354681013
2018-01-03 17:45:00,1.3649999700000002,1.3349999099999998,105.389610291,107.81651687699998,95.40464401499999
2018-01-03 18:00:00,1.3649999700000002,1.3349999099999998,103.928571701,106.23880004900002,94.45460987
2018-01-03 18:15:00,1.3649999700000002,1.3349999099999998,102.467532635,104.661083221,93.5045743
2018-01-03 18:30:00,1.3649999700000002,1.3349999099999998,101.00649356900001,103.083365917,92.55453872700001
2018-01-03 18:45:00,1.3649999700000002,1.3349999099999998,99.54545450100001,101.505648613,91.60450458300001
2018-01-03 19:00:00,1.3649999700000002,1.3349999099999998,98.08441543600001,99.927931308,90.654467583
2018-01-03 19:15:00,1.3649999700000002,1.3349999099999998,96.62337684600001,98.35021448100001,89.70443487
2018-01-03 19:30:00,1.3649999700000002,1.3349999099999998,95.162337781,96.77249670100001,88.75439644
2018-01-03 19:45:00,1.3649999700000002,1.3349999099999998,93.70129871399999,95.19477987299999,87.80436515999999
2018-01-03 20:00:00,1.3649999700000002,1.3349999099999998,92.240259646,93.61706256899998,86.85432672299999
2018-01-03 20:15:00,1.3649999700000002,1.3349999099999998,90.779220581,92.039345741,85.904294015
2018-01-03 20:30:00,1.3649999700000002,1.3349999099999998,89.31818199199999,90.461628437,84.95425701
2018-01-03 20:45:00,1.3649999700000002,1.3349999099999998,87.85714292600002,88.88391113300001,84.00422286900002
2018-01-03 21:00:00,1.3649999700000002,1.3349999099999998,86.396103859,87.306193828,83.0541873
2018-01-03 21:15:00,1.3649999700000002,1.3349999099999998,84.93506479199999,85.72847700100002,82.104151247
2018-01-03 21:30:00,1.3649999700000002,1.3349999099999998,83.47402572600001,84.150759698,81.154117586
2018-01-03 21:45:00,1.3649999700000002,1.3349999099999998,82.012987137,82.57304239199999,80.204080104
2018-01-03 22:00:00,1.3649999700000002,1.3349999099999998,80.551948071,80.995325088,79.25404786899999
2018-01-03 22:15:00,1.3649999700000002,1.3349999099999998,79.090909004,79.41760826199999,78.30400944
2018-01-03 22:30:00,1.3649999700000002,1.3349999099999998,77.62986993799998,77.83989095599999,77.353977679
2018-01-03 22:45:00,1.3649999700000002,1.3349999099999998,76.168831348,76.262173653,76.40393972500001
2018-01-03 23:00:00,1.3649999700000002,1.3349999099999998,75.448507308,75.58135271,75.45390653700001
2018-01-03 23:15:00,1.3649999700000002,1.3349999099999998,76.882990836,77.509682178,75.244791507
2018-01-03 23:30:00,1.3649999700000002,1.3349999099999998,78.45214986799999,79.601084708,75.713541507
2018-01-03 23:45:00,1.3649999700000002,1.3349999099999998,80.021309375,81.69248628599999,76.182291507
2018-01-04 00:00:00,1.3649999700000002,1.3349999099999998,81.590468885,83.783888338,76.651041507
2018-01-04 00:15:00,1.3649999700000002,1.3349999099999998,83.15962791500002,85.87529039399999,77.119791507
2018-01-04 00:30:00,1.3649999700000002,1.3349999099999998,84.72878742200001,87.966692446,77.588541507
2018-01-04 00:45:00,1.3649999700000002,1.3349999099999998,86.297946929,90.058094501,78.057291507
2018-01-04 01:00:00,1.3649999700000002,1.3349999099999998,87.867105959,92.149496555,78.526041507
2018-01-04 01:15:00,1.3649999700000002,1.3349999099999998,89.436265471,94.240898608,78.994791507
2018-01-04 01:30:00,1.3649999700000002,1.3349999099999998,91.00542402399998,96.332300664,79.463541507
2018-01-04 01:45:00,1.3649999700000002,1.3349999099999998,92.574583054,98.42370271600001,79.932291507
2018-01-04 02:00:00,1.3649999700000002,1.3349999099999998,94.14374256100001,100.51510429400001,80.401041507
2018-01-04 02:15:00,1.3649999700000002,1.3349999099999998,95.712901591,102.606506348,80.869791507
2018-01-04 02:30:00,1.3649999700000002,1.3983709579999997,97.28206110100001,104.697908878,81.338541507
2018-01-04 02:45:00,1.3649999700000002,1.5371495099999999,98.85122060599998,106.78931045700001,81.807291507
2018-01-04 03:00:00,1.3649999700000002,1.67603094,100.42037964000001,108.880712986,82.276041507
2018-01-04 03:15:00,1.3649999700000002,1.814912259,101.989539147,110.97211456400001,82.744791507
2018-01-04 03:30:00,1.3649999700000002,1.9537936889999998,103.55869865399998,113.063516141,83.213541507
2018-01-04 03:45:00,1.3649999700000002,2.092675119,105.12785768399999,115.154918671,83.682291507
2018-01-04 04:00:00,1.3649999700000002,2.2315565489999996,106.697016715,117.246320726,84.151041507
2018-01-04 04:15:00,1.3649999700000002,2.370437979,108.266175749,119.337722778,84.619791507
2018-01-04 04:30:00,1.3649999700000002,2.509319246,109.835334779,121.429124833,85.088541507
2018-01-04 04:45:00,1.3649999700000002,2.6482006169999996,111.40449428599999,123.52052593199998,85.557291507
2018-01-04 05:00:00,1.3649999700000002,2.7870820469999997,112.97365331599998,125.611928941,86.026041507
2018-01-04 05:15:00,1.3649999700000002,2.925963477,114.542812823,127.70333004099997,86.494791507
2018-01-04 05:30:00,1.3649999700000002,3.0648449069999995,116.111972334,129.79473304799998,86.963541507
2018-01-04 05:45:00,1.3649999700000002,3.203726336999999,117.681131361,131.88613510300002,87.432291507
2018-01-04 06:00:00,1.3649999700000002,3.342607767,119.25029087200001,133.97753620199998,87.901041507
2018-01-04 06:15:00,1.3649999700000002,3.4814890469999997,115.12672853400001,128.893804548,88.369791507
2018-01-04 06:30:00,1.3649999700000002,3.6203704019999994,105.79493045799998,116.94690227699999,88.838541507
2018-01-04 06:45:00,1.3649999700000002,3.759251892,96.463134289,105.0,89.307291507
2018-01-04 07:00:00,1.3649999700000002,3.8981333370000004,87.131335735,92.938329695,89.776041507
2018-01-04 07:15:00,1.3649999700000002,4.0370145740000005,77.57708501800002,78.22265625,71.76724124
2018-01-04 07:30:00,1.283378673,4.1758960179999995,60.68181777000001,62.40234375,42.682555674999996
2018-01-04 07:45:00,0.9906212800000002,4.314777434,40.227272748999994,46.105720758000004,28.676470756
2018-01-04 08:00:00,0.6870709939999999,4.453658878000001,54.299999714999984,25.403225660000004,15.441176236
2018-01-04 08:15:00,0.38352072000000004,4.592540294000001,102.90000009600001,24.338709726,16.441176692
2018-01-04 08:30:00,0.07997041799999997,3.9930268669999998,131.50986146199998,220.117861268,153.918289178
2018-01-04 08:45:00,-0.223579855,1.094999985,49.33154964399999,49.33154964399999,39.465240716000004
2018-01-04 09:00:00,-0.527130144,1.094999985,13.725641249000002,13.725641249000002,10.980513049999995
2018-01-04 09:15:00,-0.830680426,1.094999985,12.076271176,12.076271176,9.661016954
2018-01-04 09:30:00,-1.134230712,1.094999985,31.144067884000002,31.144067884000002,24.915254352999998
2018-01-04 09:45:00,-1.4377810020000001,1.094999985,50.211863755,50.211863755,40.16949153200001
2018-01-04 10:00:00,-1.741331289,1.094999985,69.110903267,69.163878921,56.34591651000001
2018-01-04 10:15:00,-2.001956716,1.094999985,82.440944672,84.29508209,95.978531361
2018-01-04 10:30:00,-1.967364223,1.094999985,93.070865156,97.573770521,102.38825893399999
2018-01-04 10:45:00,-1.876706606,1.094999985,103.70078801999999,110.85245895199999,99.68645763399999
2018-01-04 11:00:00,-1.786048985,1.094999985,114.33070898000003,118.653934479,96.98465633299999
2018-01-04 11:15:00,-1.695391372,1.094999985,118.14524030700002,115.57499980899999,94.282855034
2018-01-04 11:30:00,-1.6047337500000003,1.094999985,114.170755386,112.20000028599999,91.58105421100001
2018-01-04 11:45:00,-1.5140761379999998,1.094999985,110.19627142,108.82499980899999,88.879252911
2018-01-04 12:00:00,-1.4234185220000004,1.094999985,106.22178602199999,105.45000028700001,86.17745161100001
2018-01-04 12:15:00,-1.3327609,1.094999985,102.247301101,102.07499980900002,83.475650311
2018-01-04 12:30:00,-1.242103287,1.094999985,98.27281618199999,98.69999980899999,80.77384901099998
2018-01-04 12:45:00,-1.1514456710000003,1.094999985,94.29833221300001,95.32500028599999,78.07204818700001
2018-01-04 13:00:00,-1.060788048,1.094999985,90.32384681699999,91.94999980899999,75.37024688699998
2018-01-04 13:15:00,-0.9701304339999999,1.094999985,86.34936189700001,88.57500028700001,72.668445587
2018-01-04 13:30:00,-0.879472817,1.094999985,82.37487697499999,85.19999980900002,69.96664428700001
2018-01-04 13:45:00,-0.7888151999999999,1.094999985,78.40039301,81.824999809,67.26484298599999
2018-01-04 14:00:00,-0.698157582,1.094999985,72.45024538000001,78.45000028599999,64.56304216400001
2018-01-04 14:15:00,-0.607499974,1.094999985,59.55000019100001,73.920000076,61.861240863999996
2018-01-04 14:30:00,-0.516842366,1.094999985,46.050000190999995,61.79999995199999,54.498031855
2018-01-04 14:45:00,-0.42618474800000006,1.094999985,33.49545407200001,48.29999995200001,37.875
2018-01-04 15:00:00,-0.33552713,1.094999985,34.977272988,35.009999991,21.274999975
2018-01-04 15:15:00,-0.24486951100000004,1.094999985,41.113636494999994,34.350000143,21.214285732
2018-01-04 15:30:00,-0.15421188900000002,1.094999985,47.249999761,41.099999905,30.857142925999998
2018-01-04 15:45:00,-0.06355427300000001,1.094999985,53.386363743000004,47.84999990400001,40.499999762
2018-01-04 16:00:00,0.027103342000000002,1.094999985,59.52272820600001,54.599999905,50.14285731299999
2018-01-04 16:15:00,0.117760963,1.094999985,65.659090519,61.35000038200001,58.685714243999996
2018-01-04 16:30:00,0.20841857699999994,1.094999985,71.795454025,68.09999990399999,60.0
2018-01-04 16:45:00,0.29907618900000005,1.094999985,74.775963784,74.02643489900001,60.0
2018-01-04 17:00:00,0.38973380499999993,1.094999985,74.30705118100002,74.54087018999999,60.0
2018-01-04 17:15:00,0.48039142299999993,1.094999985,73.838138103,74.07130479899998,60.0
2018-01-04 17:30:00,0.5710490369999999,1.094999985,73.369225502,73.60173940600001,60.0
2018-01-04 17:45:00,0.661706656,1.094999985,72.90031290099999,73.132174016,60.0
2018-01-04 18:00:00,0.752364273,1.094999985,72.431399822,72.66260862200001,60.0
2018-01-04 18:15:00,0.830128364,1.094999985,71.962486744,72.193043233,60.0
2018-01-04 18:30:00,0.8399999699999999,1.094999985,71.493574143,71.723477839,60.0
2018-01-04 18:45:00,0.8399999699999999,1.094999985,71.024661064,71.25391244900001,60.0
2018-01-04 19:00:00,0.8399999699999999,1.094999985,70.555748939,70.78434705699999,60.0
2018-01-04 19:15:00,0.8399999699999999,1.094999985,70.08683586,70.31478166599999,60.0
2018-01-04 19:30:00,0.8399999699999999,1.094999985,69.617922783,69.84521675100002,60.0
2018-01-04 19:45:00,0.8399999699999999,1.094999985,69.149009705,69.37565326699999,60.0
2018-01-04 20:00:00,0.8399999699999999,1.094999985,68.680097104,68.90608787599999,60.0
2018-01-04 20:15:00,0.8399999699999999,1.094999985,68.2111845,68.436522484,60.0
2018-01-04 20:30:00,0.8399999699999999,1.094999985,67.74227189899999,67.966957092,60.0
2018-01-04 20:45:00,0.8399999699999999,1.094999985,67.273358823,67.497391701,60.0
2018-01-04 21:00:00,0.8399999699999999,1.094999985,66.80444622200001,67.027826308,60.0
2018-01-04 21:15:00,0.8399999699999999,1.094999985,66.33553314099998,66.558260918,60.0
2018-01-04 21:30:00,0.8399999699999999,1.094999985,65.866620063,66.08869552499999,60.0
2018-01-04 21:45:00,0.8399999699999999,1.094999985,65.397707462,65.61913013499999,60.0
2018-01-04 22:00:00,0.8399999699999999,1.094999985,64.92879486199999,65.14956474200001,60.0
2018-01-04 22:15:00,0.8399999699999999,1.094999985,64.45988225900001,64.679999352,60.0
2018-01-04 22:30:00,0.8399999699999999,1.094999985,63.990969181,64.21043396,60.0
2018-01-04 22:45:00,0.8399999699999999,1.094999985,63.522056103,63.74086856800001,60.0
2018-01-04 23:00:00,0.8399999699999999,1.094999985,63.05314302399999,63.27130413100001,60.0
2018-01-04 23:15:00,0.8399999699999999,1.094999985,62.584230899999994,62.801740169999995,60.0
2018-01-04 23:30:00,0.8399999699999999,1.094999985,62.11531781999999,62.332174777000006,60.0
2018-01-04 23:45:00,0.8399999699999999,1.094999985,61.646405220000005,61.86260938700002,60.0
2018-01-05 00:00:00,0.8399999699999999,1.094999985,61.177492142,61.393043993999996,60.0
2018-01-05 00:15:00,0.8399999699999999,1.094999985,60.70857906399999,60.92347860299999,59.817737342
2018-01-05 00:30:00,0.8399999699999999,1.094999985,60.23966646100001,60.453913212,58.942038774
2018-01-05 00:45:00,0.8399999699999999,1.094999985,61.094527245,60.30896377599999,57.999301910999996
2018-01-05 01:00:00,0.8399999699999999,1.094999985,63.333333489999994,61.873321533,57.056564092
2018-01-05 01:15:00,0.8399999699999999,1.094999985,65.572139263,63.68621301600001,56.11382723000001
2018-01-05 01:30:00,0.8399999699999999,1.094999985,67.81094503599999,65.499104499,55.17108917200001
2018-01-05 01:45:00,0.8399999699999999,1.094999985,70.049751282,67.31199646099999,54.228352310000005
2018-01-05 02:00:00,0.8399999699999999,1.094999985,72.288557527,69.124887943,53.285614252
2018-01-05 02:15:00,0.8266171319999999,1.094999985,74.5273633,70.937779902,52.34287738800001
2018-01-05 02:30:00,0.7427652990000001,1.094999985,76.766169074,72.750671388,51.400139331
2018-01-05 02:45:00,0.648667232,1.094999985,79.00497484199998,74.56356287099999,50.457402466999994
2018-01-05 03:00:00,0.5545691610000001,1.094999985,81.243781088,76.37645482900001,49.51466441099999
2018-01-05 03:15:00,0.460471092,1.094999985,83.482587337,78.189346314,48.571927547
2018-01-05 03:30:00,0.366373025,1.094999985,85.72139263400001,80.00223779699999,47.629189491
2018-01-05 03:45:00,0.27227495500000004,1.094999985,87.96019887899998,81.81512975700001,46.686452866
2018-01-05 04:00:00,0.17817688700000003,1.094999985,90.199005126,83.62802124000001,45.743715048
2018-01-05 04:15:00,0.08407881700000001,1.094999985,92.43781089699999,85.440913201,44.80097794600001
2018-01-05 04:30:00,-0.010019251,1.094999985,94.676617147,87.253804683,43.858240128
2018-01-05 04:45:00,-0.10411731800000001,1.094999985,96.915422439,89.06669616600001,42.915503025999996
2018-01-05 05:00:00,-0.19821539000000002,1.094999985,99.154229164,90.879588129,41.972765207
2018-01-05 05:15:00,-0.292313456,1.094999985,101.393034934,92.69247960999999,41.030028105
2018-01-05 05:30:00,-0.386411526,1.094999985,103.63184070699998,94.50537109300001,40.087290286
2018-01-05 05:45:00,-0.480509596,1.094999985,102.560329437,96.31826305499999,39.144553183999996
2018-01-05 06:00:00,-0.5746076640000001,1.094999985,96.46433973200001,98.13115453699999,38.201815366
2018-01-05 06:15:00,-0.6687057310000001,1.094999985,90.31866455099998,99.944046497,37.259078264
2018-01-05 06:30:00,-0.7628037999999999,1.094999985,84.17298936800002,101.75693798100001,36.316340446
2018-01-05 06:45:00,-0.85690187,1.094999985,78.02731371,103.569829464,35.373603583
2018-01-05 07:00:00,-0.9509999370000001,1.094999985,71.88163900299999,99.51210022000001,34.430866003000006
2018-01-05 07:15:00,-1.045098005,1.094999985,65.73596382100001,79.04761886500002,33.488128663000005
2018-01-05 07:30:00,-1.1391960850000002,1.094999985,61.211391926,62.459046840000006,32.545391083
2018-01-05 07:45:00,-1.233294146,1.094999985,64.25196838400001,65.00000095299998,31.602653742999998
2018-01-05 08:00:00,-1.327392214,1.094999985,68.238188744,69.499999046,30.659916162
2018-01-05 08:15:00,-1.4214902820000002,1.094999985,72.22440958000001,74.000000953,33.203130245000004
2018-01-05 08:30:00,-1.5155883480000003,1.094999985,76.21062993999999,78.499999998,42.936117886
2018-01-05 08:45:00,-1.609686417,1.094999985,80.1968503,82.99999952300001,52.886977673
2018-01-05 09:00:00,-1.7037844910000002,1.094999985,84.18307066,87.50000095299998,62.837837933
2018-01-05 09:15:00,-1.797882559,1.094999985,88.16929149599999,91.999999046,72.641768931
2018-01-05 09:30:00,-1.891980616,1.094999985,92.155511856,96.500000953,79.77272748900002
2018-01-05 09:45:00,-1.9860787049999997,1.094999985,96.14173221600001,100.99999999799999,85.909090996
2018-01-05 10:00:00,-2.0801767499999997,1.094999985,100.127952576,103.698168279,92.045454025
2018-01-05 10:15:00,-2.0844011000000005,1.094999985,103.64831781400002,99.27480936100001,98.181817532
2018-01-05 10:30:00,-1.9100924950000002,1.094999985,98.693693638,94.12213706899999,104.31818246799999
2018-01-05 10:45:00,-1.7309258289999998,1.094999985,90.585586548,88.969465733,110.454545975
2018-01-05 11:00:00,-1.5517591689999999,1.094999985,82.477476597,83.81679391899998,116.59090900400001
2018-01-05 11:15:00,-1.372592509,1.094999985,74.36936903000002,78.664122104,113.411674023
2018-01-05 11:30:00,-1.193425849,1.094999985,66.261262417,73.511450291,98.688524723
2018-01-05 11:45:00,-1.0142591970000001,1.094999985,58.153152465,68.358778477,83.934425831
2018-01-05 12:00:00,-0.8350925360000001,1.094999985,50.045044661999995,63.206107139000004,69.180328369
2018-01-05 12:15:00,-0.6559258819999998,1.094999985,76.536934376,97.700111389,92.63197612799999
2018-01-05 12:30:00,-0.476759227,1.094999985,65.239234686,90.079013348,85.311001301
2018-01-05 12:45:00,-0.297592566,1.094999985,62.669471027,90.372671127,101.34444427500001
2018-01-05 13:00:00,-0.11842591,1.094999985,83.557046889,113.47091484,94.881927491
2018-01-05 13:15:00,0.060740745,1.094999985,74.49664401999999,108.06451654300001,71.51658773900002
2018-01-05 13:30:00,0.239907404,1.094999985,65.43624162699999,93.548387053,65.11848354600002
2018-01-05 13:45:00,0.41907406199999997,1.094999985,56.375838994999995,79.17419338100001,58.720379354
2018-01-05 14:00:00,0.5982407220000001,1.094999985,47.812463999,68.709677695,52.322274922999995
2018-01-05 14:15:00,0.7774073770000001,1.094999985,50.74285697999999,59.99999952400001,45.924170732
2018-01-05 14:30:00,0.9565740410000001,1.094999985,58.45714259100001,51.290322782000004,39.526066304000004
2018-01-05 14:45:00,1.1357406900000002,1.094999985,66.17142867999999,42.58064508400001,33.127962111
2018-01-05 15:00:00,1.3149073420000001,1.094999985,73.885714531,33.924411295999995,37.5
2018-01-05 15:15:00,1.494074002,1.094999985,81.59999990399999,45.202702999,52.173913002
2018-01-05 15:30:00,1.6692591840000002,1.094999985,89.29501962699997,71.099638938,66.847826004
2018-01-05 15:45:00,1.724999925,1.094999985,96.82070207699998,84.09426975299999,78.74076080300001
2018-01-05 16:00:00,1.724999925,1.094999985,104.306839466,94.07578563700002,87.18750000000001
2018-01-05 16:15:00,1.724999925,1.094999985,111.79297590399999,104.057301522,95.625
2018-01-05 16:30:00,1.724999925,1.094999985,119.27911329300002,114.038816929,104.0625
2018-01-05 16:45:00,1.724999925,1.094999985,126.76525020599999,124.020332337,112.50000000000001
2018-01-05 17:00:00,1.724999925,1.094999985,133.434165953,128.438621045,118.81998109899999
2018-01-05 17:15:00,1.724999925,1.094999985,132.543800354,94.63235378499999,116.770720959
2018-01-05 17:30:00,1.724999925,1.094999985,129.81469059,94.86869574,113.86437034599999
2018-01-05 17:45:00,1.724999925,1.094999985,127.08557891799998,99.12290097,110.958019256
2018-01-05 18:00:00,1.724999925,1.094999985,124.35646915299998,103.37709903,108.051668167
2018-01-05 18:15:00,1.724999925,1.094999985,121.627358436,107.63130426,105.14531755499999
2018-01-05 18:30:00,1.724999925,1.094999985,118.898248195,111.885502335,102.23896646499999
2018-01-05 18:45:00,1.724999925,1.094999985,116.169137956,116.13970756500001,99.33261537500002
2018-01-05 19:00:00,1.724999925,1.094999985,113.44002676100001,120.39390564,96.426264762
2018-01-05 19:15:00,1.724999925,1.094999985,110.71091652,124.648104669,93.51991415100001
2018-01-05 19:30:00,1.724999925,1.094999985,107.98180627900001,128.9023161,90.613562584
2018-01-05 19:45:00,1.724999925,1.094999985,105.25269508400001,133.11882496599998,87.70721197
2018-01-05 20:00:00,1.724999925,1.094999985,102.523584843,127.80000019199998,84.80086135899998
2018-01-05 20:15:00,1.724999925,1.094999985,99.79447460099999,115.094117642,81.894509792
2018-01-05 20:30:00,1.724999925,1.094999985,97.065363884,102.388235092,78.98815918
2018-01-05 20:45:00,1.724999925,1.094999985,94.33625316500002,89.682353496,76.08180856799999
2018-01-05 21:00:00,1.724999925,1.094999985,91.607142925,78.972934723,73.175457477
2018-01-05 21:15:00,1.724999925,1.094999985,91.12287521300001,92.72020721500002,70.269106388
2018-01-05 21:30:00,1.724999925,1.094999985,93.785394669,112.94606208799999,67.36275577500001
2018-01-05 21:45:00,1.724999925,1.094999985,96.46795845000003,108.13807535399998,64.456404687
2018-01-05 22:00:00,1.724999925,1.094999985,99.150521756,91.192469118,61.550053597
2018-01-05 22:15:00,1.724999925,1.094999985,101.833084584,77.37460661099999,62.279855251
2018-01-05 22:30:00,1.724999925,1.094999985,104.515648841,79.35185194100002,67.165259361
2018-01-05 22:45:00,1.724999925,1.094999985,107.19821119400001,83.518518448,72.05066346800001
2018-01-05 23:00:00,1.724999925,1.094999985,109.880774975,87.685184956,76.93606758099999
2018-01-05 23:15:00,1.724999925,1.094999985,112.56333827999998,91.85185241699999,81.821471691
2018-01-05 23:30:00,1.724999925,1.094999985,115.24590158399998,96.01851844899998,86.70687579800001
2018-01-05 23:45:00,1.724999925,1.094999985,117.928465367,100.18518543299999,91.59227991099999
2018-01-06 00:00:00,1.724999925,1.094999985,120.61102914900002,104.351851463,96.477684021
2018-01-06 00:15:00,1.724999925,1.094999985,123.29359054499999,108.51851892500001,101.363088128
2018-01-06 00:30:00,1.724999925,1.094999985,125.97615528199998,112.685185433,106.248492241
2018-01-06 00:45:00,1.724999925,1.094999985,128.658719062,116.85185194099999,111.13389635099999
2018-01-06 01:00:00,1.724999925,1.094999985,131.341280938,121.01851892399999,116.019300458
2018-01-06 01:15:00,1.724999925,1.094999985,134.023844719,125.185184478,120.90470457100002
2018-01-06 01:30:00,1.724999925,1.094999985,136.70640849999998,129.351851462,125.79010772699999
2018-01-06 01:45:00,1.724999925,1.094999985,139.38897132899996,133.518517494,130.675513265
2018-01-06 02:00:00,1.724999925,1.094999985,142.071535111,137.685185431,135.560915947
2018-01-06 02:15:00,1.724999925,1.094999985,144.754098893,141.851852416,140.446321488
2018-01-06 02:30:00,1.724999925,1.094999985,147.43666171899997,146.018518447,145.33172416500003
2018-01-06 02:45:00,1.724999925,1.094999985,112.501995088,112.35053825400001,112.26787614999999
2018-01-06 03:00:00,1.724999925,1.094999985,77.58172083,77.604306699,77.529412269
2018-01-06 03:15:00,1.724999925,1.094999985,80.283522605,80.32974481500001,80.176470758
2018-01-06 03:30:00,1.724999925,1.094999985,82.985323428,83.05518198200001,82.823529243
2018-01-06 03:45:00,1.724999925,1.094999985,85.68712472899999,85.780618667,85.470588208
2018-01-06 04:00:00,1.724999925,1.094999985,88.38892603000001,88.506056308,88.11764669300001
2018-01-06 04:15:00,1.724999925,1.094999985,91.090726852,91.23149395,90.76470613400001
2018-01-06 04:30:00,1.724999925,1.094999985,93.792528629,93.95693206699998,93.41176509899998
2018-01-06 04:45:00,1.724999925,1.094999985,96.49432945300002,96.68236827900002,96.05882358599999
2018-01-06 05:00:00,1.724999925,1.094999985,99.19613075300002,99.40780592000002,98.70588207300001
2018-01-06 05:15:00,1.724999925,1.094999985,101.89793205299999,102.133243561,101.35294103600002
2018-01-06 05:30:00,1.724999925,1.094999985,104.59973287599999,104.858681678,103.999999999
2018-01-06 05:45:00,1.724999925,1.094999985,107.301534177,107.584118368,106.64705896299999
2018-01-06 06:00:00,1.724999925,1.094999985,110.00333547499999,110.30955552999998,109.29411792799999
2018-01-06 06:15:00,1.724999925,1.094999985,112.705136775,113.034993171,111.941176416
2018-01-06 06:30:00,1.724999925,1.094999985,115.40693807599999,115.76043081300001,114.58823537800001
2018-01-06 06:45:00,1.724999925,1.094999985,118.10873937699999,118.485868453,117.235293865
2018-01-06 07:00:00,1.724999925,1.094999985,117.58100080599999,114.96532106399998,118.052287102
2018-01-06 07:15:00,1.724999925,1.094999985,110.39233589300001,103.70473575599999,105.66666650699999
2018-01-06 07:30:00,1.7209056290000002,1.094999985,103.001825332,92.423398495,90.66666650699999
2018-01-06 07:45:00,1.5939825389999998,1.094999985,95.61131382,81.14206123299999,75.808081148
2018-01-06 08:00:00,1.4097393830000002,1.094999985,88.220802784,72.44169044399999,61.969696284
2018-01-06 08:15:00,1.2254962329999999,1.094999985,80.83029222500001,66.812500476,48.333333493000005
2018-01-06 08:30:00,1.04125306,1.094894275,73.601569176,61.187500236999995,34.901673794999994
2018-01-06 08:45:00,0.857009885,1.091617317,66.824999809,55.562499759,32.383303165
2018-01-06 09:00:00,0.672766715,1.0868604499999999,60.075000046999996,49.937499759,36.018851042
2018-01-06 09:15:00,0.488523543,1.0821035700000001,53.32499981,44.312499759,39.65439868
2018-01-06 09:30:00,0.304280371,1.0773467,46.575000047,38.687499759000005,43.28994608000001
2018-01-06 09:45:00,0.12003720400000001,1.0725898219999999,39.82500004799999,33.062499759000005,46.925493955
2018-01-06 10:00:00,-0.064205967,1.067832946,33.085894108,33.426388978999995,50.56104088
2018-01-06 10:15:00,-0.248449136,1.0630760810000002,34.332023382,40.916666746,54.196589229999994
2018-01-06 10:30:00,-0.432692299,1.0583192019999998,42.28880167,48.416666746,57.832136155
2018-01-06 10:45:00,-0.616935473,1.053562328,50.24557972,55.916666746,61.467684264
2018-01-06 11:00:00,-0.801178645,1.0488054549999999,58.202357770999996,63.416666506999995,65.10323142899999
2018-01-06 11:15:00,-0.9854218029999999,1.044048583,66.159135342,70.91666650699999,68.73877907099998
2018-01-06 11:30:00,-1.1696649709999998,1.039291711,73.70327425,76.097727776,72.374327184
2018-01-06 11:45:00,-1.3539081450000003,1.034534835,77.218114852,78.51940298199999,72.477731227
2018-01-06 12:00:00,-1.5192847710000001,1.029777957,79.71349334800001,80.93731307899999,64.711729526
2018-01-06 12:15:00,-1.3827965689999997,1.0250210929999999,82.20887279600001,83.355224132,56.660039903
2018-01-06 12:30:00,-1.142542334,1.0202642149999999,84.70425128899998,85.77313423100001,48.608349798999996
2018-01-06 12:45:00,-0.9022881050000002,1.015507339,87.19963026,88.19104480899999,40.556659934
2018-01-06 13:00:00,-0.662033874,1.010750475,89.695009232,90.60895490600001,32.784993408
2018-01-06 13:15:00,-0.42177965100000003,1.005993587,92.19038820299997,93.026865482,35.304182768000004
2018-01-06 13:30:00,-0.18152541400000005,1.001236722,94.68576669600002,95.44477653499997,43.003802299
2018-01-06 13:45:00,0.058728811000000006,0.9964798480000001,97.181146145,97.862686157,50.703422069999995
2018-01-06 14:00:00,0.29898304200000003,0.991722968,99.67652511699998,100.280597211,58.40304184
2018-01-06 14:15:00,0.5392372679999999,0.9869661049999999,102.17190408800002,102.69850730799999,66.102662086
2018-01-06 14:30:00,0.7794915020000001,0.9822092200000001,104.667282581,105.116417885,73.698430539
2018-01-06 14:45:00,1.019745724,0.9774523509999998,107.16266155199999,107.534328463,80.022027016
2018-01-06 15:00:00,1.2599999539999998,0.972695479,109.65804100000001,109.952238559,85.96916198800001
2018-01-06 15:15:00,1.4968777739999999,0.967938608,112.15341949399999,112.37014913600001,91.91629886599999
2018-01-06 15:30:00,1.60967242,0.9631817270000002,114.64879846599999,114.788059711,97.863435745
2018-01-06 15:45:00,1.6600034230000003,0.9584248599999999,117.14417743600002,117.205970288,103.81057262399999
2018-01-06 16:00:00,1.710334426,0.953667989,119.387006284,119.38673639500001,109.757709503
2018-01-06 16:15:00,1.7606654300000002,0.9489111090000001,118.70321798399999,118.662495615,115.70484638199999
2018-01-06 16:30:00,1.8109964339999998,0.9452465600000001,117.18749999999999,117.07860708000001,119.335101128
2018-01-06 16:45:00,1.861327447,0.94499991,115.67178201600001,115.494720932,117.80348062499998
2018-01-06 17:00:00,1.9116584349999999,0.94499991,114.15606212600001,113.91083241000001,116.084465026
2018-01-06 17:15:00,1.9619894480000002,0.94499991,112.64034462000001,112.32694626,114.365449429
2018-01-06 17:30:00,2.012320444,0.94499991,111.12462568299999,110.743057725,112.646434785
2018-01-06 17:45:00,2.0626514559999998,0.94499991,109.608906744,109.159171579,110.927419663
2018-01-06 18:00:00,2.112982453,0.94499991,108.093189241,107.575283055,109.208404063
2018-01-06 18:15:00,2.163313464,0.94499991,106.577469826,105.99139690500002,107.48938846700001
2018-01-06 18:30:00,2.2136444760000002,0.94499991,105.061751365,104.40750836999999,105.77037334399999
2018-01-06 18:45:00,2.263975472,0.94499991,103.54603338300001,102.82362222600001,104.05135869799999
2018-01-06 19:00:00,2.314306483,0.94499991,102.03031396899999,101.23973369999999,102.33234310300001
2018-01-06 19:15:00,2.3646374789999993,0.94499991,100.51459598599999,99.65584755,100.61332750300002
2018-01-06 19:30:00,2.414968476,0.94499991,98.99887752400001,98.071959015,98.89431238099999
2018-01-06 19:45:00,2.4652994870000002,0.94499991,97.48315811200001,96.488072872,97.175297261
2018-01-06 20:00:00,2.5156304829999994,0.94499991,95.96744060500001,94.904184345,95.456281662
2018-01-06 20:15:00,2.5659614939999997,0.94499991,94.451721192,93.32029724099999,93.73726654000001
2018-01-06 20:30:00,2.616292491,0.94499991,92.936002729,91.73640918299999,92.01825141900001
2018-01-06 20:45:00,2.6666235020000006,0.94499991,91.420285226,90.152522565,90.299236299
2018-01-06 21:00:00,2.7169544979999998,0.94499991,89.904565335,88.56863451299999,88.5802207
2018-01-06 21:15:00,2.7672855110000003,0.94499991,88.38884735100001,86.98474788600001,86.861205101
2018-01-06 21:30:00,2.8176165070000003,0.94499991,86.873128891,85.40085982800001,85.14218997900001
2018-01-06 21:45:00,2.8679475190000003,0.94499991,85.35740995399999,83.81697321200001,83.423175335
2018-01-06 22:00:00,2.9182785159999995,0.94499991,83.84169197199998,82.23308515800001,81.704159736
2018-01-06 22:15:00,2.9686095270000004,0.94499991,82.32597303300001,80.649198531,79.98514413800001
2018-01-06 22:30:00,3.018940524000001,0.94499991,80.81025409700001,79.065310474,78.26612901800002
2018-01-06 22:45:00,3.0692715359999996,0.94499991,79.29453658999999,77.481423858,76.547113418
2018-01-06 23:00:00,3.1196025319999996,0.94499991,77.778816701,75.89753580300001,75.40031766599999
2018-01-06 23:15:00,3.165468142,0.94499991,76.263098715,75.650620464,76.60598468799998
2018-01-06 23:30:00,3.139887631,0.94499991,75.42876911200001,77.12949275999999,78.06596994199998
2018-01-06 23:45:00,3.089747473,0.94499991,76.808959484,78.61518620999999,79.52595520199999
2018-01-07 00:00:00,3.039607315,0.94499991,78.359494209,80.10087967200002,80.98594045700001
2018-01-07 00:15:00,2.989467158,0.94499991,79.910030364,81.586573125,82.44592666499997
2018-01-07 00:30:00,2.939327017,0.94499991,81.46056747400002,83.072266575,83.90591240199997
2018-01-07 00:45:00,2.889186874,0.94499991,83.01110172299998,84.55796003600001,85.365897653
2018-01-07 01:00:00,2.8390467179999996,0.94499991,84.561638832,86.04365349000001,86.82588291300003
2018-01-07 01:15:00,2.788906559,0.94499991,86.112174988,87.52934694,88.28586816800001
2018-01-07 01:30:00,2.7387664170000003,0.94499991,87.662709713,89.01504039800001,89.74585532999998
2018-01-07 01:45:00,2.688626275,0.94499991,89.21324729999999,90.50073385500001,91.20584011399998
2018-01-07 02:00:00,2.638486117,0.94499991,90.763782501,91.986427305,92.66582536400001
2018-01-07 02:15:00,2.58834596,0.94499991,92.314317226,93.47212076099999,94.12581062400001
2018-01-07 02:30:00,2.5382058030000003,0.94499991,93.864855766,94.95781422000002,95.58579683299999
2018-01-07 02:45:00,2.488065674,0.94499991,95.41539049199999,96.44350767,97.04578256399996
2018-01-07 03:00:00,2.437925517,0.94499991,96.96592569399999,97.92920112300001,98.505767825
2018-01-07 03:15:00,2.38778536,0.94499991,98.516463279,99.41489458500003,99.96575307700003
2018-01-07 03:30:00,2.337645202,0.94499991,100.06699800500002,100.90058803500001,101.425738335
2018-01-07 03:45:00,2.2875050749999994,0.94499991,101.61753416100001,102.38627958,102.88572549799999
2018-01-07 04:00:00,2.237364919,0.94499991,103.16807127000001,103.87197256500002,104.345710275
2018-01-07 04:15:00,2.187224761,0.94499991,104.71860551799998,105.35766601500002,105.80569553700003
2018-01-07 04:30:00,2.137084604,0.94499991,106.269142628,106.843359467,107.26568079000003
2018-01-07 04:45:00,2.086944461,0.94499991,107.819678784,108.329052929,108.72566699999999
2018-01-07 05:00:00,2.0368043179999997,0.94499991,109.370213508,109.81474638000002,110.18565320999998
2018-01-07 05:15:00,1.986664177,0.94499991,110.920751094,111.30043983000002,111.64563798600001
2018-01-07 05:30:00,1.9365240190000002,0.94499991,112.47128677399999,112.786133293,113.10562324800003
2018-01-07 05:45:00,1.886383875,0.94499991,114.021821022,114.27182674500001,114.56560850100001
2018-01-07 06:00:00,1.836243714,0.94499991,115.57235956200002,115.75752019500003,116.02559566499998
2018-01-07 06:15:00,1.7861035710000002,0.94499991,117.12289428700001,117.24321365499998,117.48558092199997
2018-01-07 06:30:00,1.735963414,0.94499991,118.67342949,118.72890711,118.94556569700002
2018-01-07 06:45:00,1.685823272,0.94499991,117.902374743,117.57312345400001,116.16306924999999
2018-01-07 07:00:00,1.635683113,0.94499991,108.964285375,107.125000476,103.92857170100001
2018-01-07 07:15:00,1.549127356,0.94499991,99.321428298,95.875000476,91.350931643
2018-01-07 07:30:00,1.3066380469999999,0.94499991,89.678571224,84.625000476,78.725951671
2018-01-07 07:45:00,1.0464077930000002,0.94499991,80.035714627,76.68168258600002,64.538745642
2018-01-07 08:00:00,0.7861775499999999,0.94499991,71.278846264,80.37079906599999,49.594096183000005
2018-01-07 08:15:00,0.525947299,0.94499991,63.49038457900001,85.063731193,35.139428138999996
2018-01-07 08:30:00,0.265717052,0.9448913509999999,55.701922894999996,89.75666284699999,38.691588878
2018-01-07 08:45:00,0.005486805999999997,0.9444431879999999,47.913461686,94.44959449799998,51.308411121999995
2018-01-07 09:00:00,-0.254743445,0.943970494,40.124999998,99.14252614899999,63.925233842
2018-01-07 09:15:00,-0.514973694,0.9434978,32.969339847,103.835457325,76.542056084
2018-01-07 09:30:00,-0.775203941,0.9430251269999999,46.69611311,108.528389454,89.15887880300002
2018-01-07 09:45:00,-1.035434182,0.9425524110000001,70.54770350400001,113.221321105,101.775700569
2018-01-07 10:00:00,-1.2956644380000002,0.9420797599999999,94.12866353999999,117.672005653,114.13853740600001
2018-01-07 10:15:00,-1.5558946880000002,0.941607021,63.985294104,78.985294342,70.689120292
2018-01-07 10:30:00,-1.8161249310000003,0.941134393,59.300562380999985,74.300561905,72.58575153400001
2018-01-07 10:45:00,-2.076355188,0.940661654,38.99952221,54.40905642399999,83.271768092
2018-01-07 11:00:00,-2.3365854169999993,0.940189002,64.248669385,78.433292389,93.95778369899999
2018-01-07 11:15:00,-2.596815676,0.939716287,101.25,76.797367335,88.30374121799998
2018-01-07 11:30:00,-1.7410017050000002,0.939243625,117.209117888,113.43480420099999,95.09068632200001
2018-01-07 11:45:00,-1.72918471,0.9387709199999998,102.69367885700001,103.636993888,105.05890703399999
2018-01-07 12:00:00,-0.78444127,0.938298229,76.215683461,107.656203272,74.37662363
2018-01-07 12:15:00,0.285973907,0.9378255529999999,112.82504558400001,124.14647388399999,106.43861055299999
2018-01-07 12:30:00,0.337087437,0.937352858,112.50000095400001,114.42703390199999,126.46240282100001
2018-01-07 12:45:00,0.354224257,0.936880173,70.77669882800001,79.772727013,79.73384046600002
2018-01-07 13:00:00,0.371361059,0.936407481,71.984957697,64.431818485,64.33460021
2018-01-07 13:15:00,0.388497872,0.9359347909999999,62.49999904799998,49.608325004,49.49984025900001
2018-01-07 13:30:00,0.405634688,0.935462106,46.981060744,47.97893691099999,47.718665361999996
2018-01-07 13:45:00,0.42277148999999997,0.9349894160000001,51.34090924000001,52.041123389,51.370604277000005
2018-01-07 14:00:00,0.43990830700000005,0.9345167280000001,55.943181753000005,56.103309871,55.022542952999984
2018-01-07 14:15:00,0.45704511899999994,0.934044036,60.545454742,60.16549634899999,58.674481392
2018-01-07 14:30:00,0.47418192000000003,0.9335713499999999,65.147727012,64.227683545,62.32642030700001
2018-01-07 14:45:00,0.49131872200000004,0.9330986630000001,69.750000476,68.289869308,65.978358746
2018-01-07 15:00:00,0.5084555399999999,0.932625975,74.35227251200001,72.35205650300001,69.630297659
2018-01-07 15:15:00,0.5255923800000001,0.9321532889999999,78.95454549799999,76.414242267,73.28223609999999
2018-01-07 15:30:00,0.5427291799999999,0.9316806009999999,83.55681800800002,80.476429462,76.93417501299999
2018-01-07 15:45:00,0.559865982,0.9312079090000001,88.136539935,84.538615704,80.58611393099999
2018-01-07 16:00:00,0.577002782,0.930735222,89.716980933,88.547063827,84.238052367
2018-01-07 16:15:00,0.5941395830000001,0.9302625339999999,89.24528312700001,89.690559388,87.88999128400002
2018-01-07 16:30:00,0.611276418,0.9300006259999998,88.77358484300001,89.218531131,89.78987407700001
2018-01-07 16:45:00,0.628413241,0.9299999249999997,88.30188655999999,88.746503353,89.33333349300001
2018-01-07 17:00:00,0.6455500420000002,0.9299999249999997,87.83018875100001,88.27447557499998,88.86458349300001
2018-01-07 17:15:00,0.662686844,0.9299999249999997,87.35848999,87.802447796,88.39583349300001
2018-01-07 17:30:00,0.679823644,0.9299999249999997,86.88679218200001,87.33041954,87.92708349300001
2018-01-07 17:45:00,0.696960446,0.9299999249999997,86.415094376,86.858391762,87.45833349300001
2018-01-07 18:00:00,0.714097296,0.9299999249999997,85.943396569,86.386363506,86.98958349300001
2018-01-07 18:15:00,0.7312341029999999,0.9299999249999997,85.471698283,85.914335251,86.52083349300001
2018-01-07 18:30:00,0.748370905,0.9299999249999997,85.000000477,85.44230794900001,86.05208349300001
2018-01-07 18:45:00,0.7655077050000002,0.9299999249999997,84.528301717,84.970279693,85.58333349300001
2018-01-07 19:00:00,0.782644507,0.9299999249999997,84.05660390999999,84.498251916,85.11458349300001
2018-01-07 19:15:00,0.7997813149999999,0.9299999249999997,83.584906101,84.026223658,84.64583349300001
2018-01-07 19:30:00,0.8169181650000001,0.9299999249999997,83.11320733900001,83.554195881,84.17708349300001
2018-01-07 19:45:00,0.834054965,0.9299999249999997,82.641509532,83.082167626,83.70833349300001
2018-01-07 20:00:00,0.8505316810000001,0.9299999249999997,82.16981124899999,82.610139847,83.23958349300001
2018-01-07 20:15:00,0.8549999400000003,0.9299999249999997,81.698112965,82.138112067,82.77083349300001
2018-01-07 20:30:00,0.8549999400000003,0.9299999249999997,81.226415157,81.666083813,82.30208349300001
2018-01-07 20:45:00,0.8549999400000003,0.9299999249999997,80.75471687299999,81.194056035,81.83333349300001
2018-01-07 21:00:00,0.8549999400000003,0.9299999249999997,80.28301859,80.722027779,81.36458349300001
2018-01-07 21:15:00,0.8549999400000003,0.9299999249999997,79.811320782,80.249999999,80.89583349300001
2018-01-07 21:30:00,0.8549999400000003,0.9299999249999997,79.33962202099998,79.777972222,80.42708349300001
2018-01-07 21:45:00,0.8549999400000003,0.9299999249999997,78.86792421199999,79.305943966,79.95833349300001
2018-01-07 22:00:00,0.8549999400000003,0.9299999249999997,78.39622688200001,78.833916188,79.489583493
2018-01-07 22:15:00,0.8549999400000003,0.9299999249999997,77.92452859900001,78.36188840800001,79.020833493
2018-01-07 22:30:00,0.8549999400000003,0.9299999249999997,77.45283031500001,77.889859677,78.552083493
2018-01-07 22:45:00,0.8549999400000003,0.9299999249999997,76.98113250700001,77.41783237400001,78.083333493
2018-01-07 23:00:00,0.8549999400000003,0.9299999249999997,76.50943374700002,76.945804119,77.614583493
2018-01-07 23:15:00,0.8549999400000003,0.9299999249999997,76.03773594,76.47377634,77.145833493
2018-01-07 23:30:00,0.8549999400000003,0.9299999249999997,75.566038131,76.00174808599999,76.677083493
2018-01-07 23:45:00,0.8549999400000003,0.9299999249999997,75.199613571,75.529720783,76.208333493
2018-01-08 00:00:00,0.8549999400000003,0.9299999249999997,76.517564297,75.2257123,75.739583493
2018-01-08 00:15:00,0.8549999400000003,0.9299999249999997,78.41451978699999,76.65966367699998,75.270833493
2018-01-08 00:30:00,0.8549999400000003,0.9299999249999997,80.311475754,78.550419807,75.855979444
2018-01-08 00:45:00,0.8549999400000003,0.9299999249999997,82.20843076700001,80.44117593800001,77.85856056200001
2018-01-08 01:00:00,0.8549999400000003,0.9299999249999997,84.105386734,82.331932545,79.868486404
2018-01-08 01:15:00,0.8549999400000003,0.9299999249999997,86.002341748,84.22268962899999,81.87841224699999
2018-01-08 01:30:00,0.8549999400000003,0.9299999249999997,87.89929723800002,86.113445758,83.888337612
2018-01-08 01:45:00,0.8549999400000003,0.9299999249999997,89.796253205,88.00420189,85.898262977
2018-01-08 02:00:00,0.8549999400000003,0.9299999249999997,91.69320821800001,89.894958019,87.90818881999999
2018-01-08 02:15:00,0.8549999400000003,0.9299999249999997,93.59016418399999,91.785714149,89.918114186
2018-01-08 02:30:00,0.8549999400000003,0.9299999249999997,95.48711919699998,93.67647027999999,91.92803955
2018-01-08 02:45:00,0.8549999400000003,0.9299999249999997,97.38407516500001,95.56722641000002,93.937964917
2018-01-08 03:00:00,0.8549999400000003,0.9299999249999997,99.281030654,97.457983017,95.947890757
2018-01-08 03:15:00,0.8549999400000003,0.9299999249999997,101.177985668,99.34873962399999,97.95781660200001
2018-01-08 03:30:00,0.8549999400000003,0.9299999249999997,103.074941635,101.23949623099999,99.967741966
2018-01-08 03:45:00,0.8549999400000003,0.9299999249999997,104.97189664899999,103.13025236200002,101.97766733200001
2018-01-08 04:00:00,0.8563721630000002,0.9299999249999997,106.868852615,105.02100849099999,103.987593174
2018-01-08 04:15:00,0.882708273,0.9299999249999997,108.76580810600001,106.91176462199999,105.99751853999999
2018-01-08 04:30:00,0.91833327,0.9299999249999997,110.662763119,108.80252075199999,108.00744390500002
2018-01-08 04:45:00,0.953958265,0.9299999249999997,112.559719563,110.693276882,110.01736974699999
2018-01-08 05:00:00,0.989583262,0.9299999249999997,114.45667410000001,112.58403348899999,112.027295112
2018-01-08 05:15:00,1.025208249,0.9299999249999997,116.35363006700001,114.47479009699998,114.037220955
2018-01-08 05:30:00,1.060833252,0.9299999249999997,118.25058555700001,116.36554622599999,116.04714632
2018-01-08 05:45:00,1.096458242,0.9299999249999997,119.39164066299999,118.256302834,118.05707216300002
2018-01-08 06:00:00,1.132083245,0.9299999249999997,117.15635061300001,119.344920158,119.381418705
2018-01-08 06:15:00,1.167708233,0.9299999249999997,114.517915248,116.850649357,117.09576702000001
2018-01-08 06:30:00,1.203333236,0.9299999249999997,111.879479886,113.92857170100001,114.28521823899999
2018-01-08 06:45:00,1.238958232,0.9299999249999997,109.24104452099998,111.00649309199999,111.474670411
2018-01-08 07:00:00,1.2745832199999998,0.9299999249999997,106.60260725,108.08441591300002,108.664122103
2018-01-08 07:15:00,1.310208223,0.9299999249999997,103.964166642,105.162337304,105.85357379999999
2018-01-08 07:30:00,1.3458332130000001,0.9299999249999997,101.325731277,102.240260124,103.04302597099999
2018-01-08 07:45:00,1.3814582090000003,0.9299999249999997,98.687295914,99.31818199099999,100.23247718700001
2018-01-08 08:00:00,1.417083203,0.9299999249999997,96.04886055,96.39610386100001,97.421928882
2018-01-08 08:15:00,1.4527082000000002,0.9299999249999997,93.410425185,93.47402620300001,94.61138105500001
2018-01-08 08:30:00,1.4883331950000003,0.9306307370000001,90.77198982300001,90.551947594,91.80083274900001
2018-01-08 08:45:00,1.5239581909999997,0.932043244,88.13354826,87.62987041400001,88.990284919
2018-01-08 09:00:00,1.559583187,0.9334578440000001,85.495111942,84.70779228299999,86.179736139
2018-01-08 09:15:00,1.595208183,0.934872441,82.856676579,81.78571415100001,83.369188308
2018-01-08 09:30:00,1.6308331779999998,0.936287045,80.218241214,78.86363649300002,80.55864000300001
2018-01-08 09:45:00,1.6664581670000003,0.9377016459999999,77.579805851,76.251718998,77.74809169699999
2018-01-08 10:00:00,1.702083171,0.939116248,81.43431186599999,86.53361320500001,79.40949964500001
2018-01-08 10:15:00,1.7377081580000004,0.940530851,120.025665283,103.550420284,105.666666507
2018-01-08 10:30:00,1.7733331549999998,0.9419454479999999,128.244552614,116.519940376,114.685929776
2018-01-08 10:45:00,1.8089581579999998,0.943360053,118.438256263,108.177966117,104.510050296
2018-01-08 11:00:00,1.8445831460000002,0.944774649,108.631960868,96.737287998,94.334170819
2018-01-08 11:15:00,1.8802081489999998,0.9461892470000001,98.82566595199998,85.296610356,84.158291339
2018-01-08 11:30:00,1.915833145,0.94760386,93.80940008200001,77.367444992,78.83896589500002
2018-01-08 11:45:00,1.951458127,0.9490184560000001,108.48547744700001,83.874502182,93.48547744700001
2018-01-08 12:00:00,1.9057412139999999,0.9504330609999999,125.290456296,91.942231178,110.29045629600002
2018-01-08 12:15:00,0.380227232,0.9518476650000001,107.287556171,100.009960175,99.203218936
2018-01-08 12:30:00,0.7309090389999999,0.9532622550000001,99.17508983599998,108.07768917099999,92.16101694
2018-01-08 12:45:00,2.2199998049999996,0.954676859,104.80519533,116.14541816799999,112.700398446
2018-01-08 13:00:00,2.2199998049999996,0.956091464,82.02444648900001,90.214285851,91.676470756
2018-01-08 13:15:00,2.2199998049999996,0.95750606,97.94117641500002,96.160714149,88.182352542
2018-01-08 13:30:00,2.2199998049999996,0.958920665,128.2068305,122.25121402699999,126.050998687
2018-01-08 13:45:00,2.2199998049999996,0.9603352610000001,159.92519092,153.99638748300003,158.48821737699996
2018-01-08 14:00:00,2.2199998049999996,0.9617498649999999,152.694370276,138.22161483300002,155.71942425
2018-01-08 14:15:00,2.2199998049999996,0.9631644720000001,141.836461067,157.52595234,146.007194518
2018-01-08 14:30:00,2.2199998049999996,0.9645790689999999,130.978551864,143.51211071,136.294963838
2018-01-08 14:45:00,2.2199998049999996,0.965993672,125.15973472600001,129.49827003500002,126.582734106
2018-01-08 15:00:00,2.2199998049999996,0.9674082780000002,150.994392406,126.325135231,126.23107910300001
2018-01-08 15:15:00,2.2199998049999996,0.968822867,162.89719677,143.906250002,143.80000019099998
2018-01-08 15:30:00,2.2199998049999996,0.970237472,159.11214923999998,160.73597336,160.64745999000002
2018-01-08 15:45:00,2.2199998049999996,0.9716520750000001,155.3271017,161.3074398,161.52400779
2018-01-08 16:00:00,2.2199998049999996,0.973066673,151.54205703699998,156.87636758000005,157.29645156000004
2018-01-08 16:15:00,2.2199998049999996,0.9744687,147.757009507,152.44529533999997,153.06889343
2018-01-08 16:30:00,2.2199998049999996,0.97499997,143.97196197500003,148.01422310299998,148.841336256
2018-01-08 16:45:00,2.2199998049999996,0.97499997,140.18691635099998,143.58315181799998,144.613779068
2018-01-08 17:00:00,2.2199998049999996,0.97499997,136.40186977399998,139.15207862900002,140.386220932
2018-01-08 17:15:00,2.2199998049999996,0.97499997,132.616822242,134.72100639399997,136.158663749
2018-01-08 17:30:00,2.2199998049999996,0.97499997,128.831774712,130.28993415800002,131.931106567
2018-01-08 17:45:00,2.2199998049999996,0.97499997,125.04673004099999,125.85886192399998,127.70354843099999
2018-01-08 18:00:00,2.2199998049999996,0.97499997,121.28125763,121.46069812799999,123.475992202
2018-01-08 18:15:00,2.2199998049999996,0.97499997,118.45537758,118.43053150200002,119.67279195700002
2018-01-08 18:30:00,2.2199998049999996,0.97499997,116.138443947,116.114923954,117.19741392099999
2018-01-08 18:45:00,2.2199998049999996,0.97499997,113.821510314,113.79931259099999,114.817861556
2018-01-08 19:00:00,2.2199998049999996,0.97499997,111.504576683,111.48370552000002,112.438308718
2018-01-08 19:15:00,2.2199998049999996,0.97499997,109.187643051,109.168095589,110.05875348999999
2018-01-08 19:30:00,2.2199998049999996,0.97499997,106.870709419,106.85248708699999,107.67920065
2018-01-08 19:45:00,2.2199998049999996,0.97499997,104.55377578699999,104.53687906300001,105.29964828600001
2018-01-08 20:00:00,2.2199998049999996,0.97499997,102.23684215600001,102.22126817700001,102.920093535
2018-01-08 20:15:00,2.2199998049999996,0.97499997,99.919908047,99.90566158299998,100.54054021799999
2018-01-08 20:30:00,2.2199998049999996,0.97499997,97.602974891,97.59005069800001,98.160987854
2018-01-08 20:45:00,2.2199998049999996,0.97499997,95.28604126,95.27444267300001,95.78143358
2018-01-08 21:00:00,2.2199998049999996,0.97499997,92.969107628,92.95883417099999,93.401879311
2018-01-08 21:15:00,2.2199998049999996,0.97499997,90.652173996,90.643223762,91.022326947
2018-01-08 21:30:00,2.2199998049999996,0.97499997,88.335239887,88.32761716800002,88.64277363
2018-01-08 21:45:00,2.2199998049999996,0.97499997,86.01830673200001,86.01200580599999,86.263218879
2018-01-08 22:00:00,2.2199998049999996,0.97499997,83.701373101,83.696398258,83.883666515
2018-01-08 22:15:00,2.2199998049999996,0.97499997,81.38443946800001,81.38078928000002,81.50411367500001
2018-01-08 22:30:00,2.2199998049999996,0.97499997,79.067505836,79.06517934899999,79.12455844700001
2018-01-08 22:45:00,2.2199998049999996,0.97499997,76.75057172800001,76.749572754,76.745006083
2018-01-08 23:00:00,2.2199998049999996,0.97499997,83.70628404600001,75.498867512,75.51141834299997
2018-01-08 23:15:00,2.2199998049999996,0.97499997,101.171096802,76.901886463,76.93438911300001
2018-01-08 23:30:00,2.2199998049999996,0.97499997,76.16740989800002,78.430188656,78.46153831599999
2018-01-08 23:45:00,2.2199998049999996,0.97499997,77.809079647,79.95849037100001,79.98868751500001
2018-01-09 00:00:00,2.2199998049999996,0.97499997,79.45074987500001,81.486792565,81.51583671599998
2018-01-09 00:15:00,2.2199998049999996,0.97499997,81.0924201,83.01509427999999,83.04298639300002
2018-01-09 00:30:00,2.2199998049999996,0.97499997,82.734090329,84.54339599599999,84.570136071
2018-01-09 00:45:00,2.2199998049999996,0.97499997,84.375760078,86.071698189,86.09728527000001
2018-01-09 01:00:00,2.2199998049999996,0.97499997,86.01742983,87.599999905,87.62443447199999
2018-01-09 01:15:00,2.2199998049999996,0.97499997,87.65910005399999,89.12830209700002,89.15158367000004
2018-01-09 01:30:00,2.2199998049999996,0.97499997,89.300770284,90.65660381299999,90.67873335
2018-01-09 01:45:00,2.2199998049999996,0.97499997,90.94244050900001,92.18490600599999,92.20588254800002
2018-01-09 02:00:00,2.2199998049999996,0.97499997,92.584109784,93.713207245,93.73303175000001
2018-01-09 02:15:00,2.2199998049999996,0.97499997,94.22578000899998,95.241509438,95.26018094999999
2018-01-09 02:30:00,2.2199998049999996,0.97499997,95.867450238,96.769811154,96.78733015100002
2018-01-09 02:45:00,2.2199998049999996,0.97499997,97.509120463,98.29811334600001,98.31447982699999
2018-01-09 03:00:00,2.2199998049999996,0.97499997,99.15079069099998,99.826415061,99.84162902900002
2018-01-09 03:15:00,2.2199998049999996,0.97499997,100.792459964,101.354716778,101.368778228
2018-01-09 03:30:00,2.2199998049999996,0.97499997,102.434130192,102.88301897100001,102.89592743100002
2018-01-09 03:45:00,2.2199998049999996,0.97499997,104.07580089500001,104.41132068499999,104.42307662799996
2018-01-09 04:00:00,2.2199998049999996,0.97499997,105.717471122,105.939622879,105.95022630900002
2018-01-09 04:15:00,2.2199998049999996,0.97499997,107.35914039599999,107.467924118,107.47737550599997
2018-01-09 04:30:00,2.1821152700000006,0.97499997,109.000810623,108.996226788,109.00452470900002
2018-01-09 04:45:00,2.01620716,0.97499997,110.64248085,110.524528027,110.53167390699998
2018-01-09 05:00:00,1.839848147,0.97499997,112.284151077,112.05283021900001,112.05882358600003
2018-01-09 05:15:00,1.6634891100000002,0.97499997,113.925821304,113.581131935,113.58597278499998
2018-01-09 05:30:00,1.4871300840000001,0.97499997,115.56749057799999,115.109434128,115.11312246400001
2018-01-09 05:45:00,1.3107710550000002,0.97499997,117.20916080500001,116.63773584400002,116.64027166199999
2018-01-09 06:00:00,1.1344120439999998,0.97499997,118.850831031,118.166037559,118.16742086600001
2018-01-09 06:15:00,0.9580530140000003,0.97499997,121.39134358999999,119.498574258,119.80687761200001
2018-01-09 06:30:00,0.781693984,0.97499997,125.78571414899999,117.698863983,123.24324321700001
2018-01-09 06:45:00,0.605334971,0.97499997,130.236264234,114.82244300800001,127.297297477
2018-01-09 07:00:00,0.42897594499999997,0.97499997,134.68681335499997,111.946022511,131.35135078500002
2018-01-09 07:15:00,0.252616921,0.97499997,139.137362481,109.06960248899999,135.405405044
2018-01-09 07:30:00,0.07625789599999999,0.97499997,143.587912557,106.193181992,139.459460259
2018-01-09 07:45:00,-0.100101129,0.97499997,148.038461685,103.31676101699999,143.51351356499998
2018-01-09 08:00:00,-0.276460144,0.97499997,152.48901081999998,100.44034099500001,147.567566873
2018-01-09 08:15:00,-0.452819172,0.97499997,156.93955994,97.56392049899999,151.62162210099999
2018-01-09 08:30:00,-0.629178193,0.97499997,161.39011001999998,94.6875,155.67567541
2018-01-09 08:45:00,-0.8055372299999999,0.97499997,160.53792665,91.811079501,159.72972962999998
2018-01-09 09:00:00,-0.981896246,0.97499997,143.69468974999998,88.934659005,162.63691424000004
2018-01-09 09:15:00,-1.1582552549999998,0.97499997,129.553098675,86.05823898300001,138.55263233699995
2018-01-09 09:30:00,-1.334614301,0.97499997,153.879310602,83.181818008,146.213591576
2018-01-09 09:45:00,-1.510973318,0.97499997,130.59668922400002,80.305397511,113.361006259
2018-01-09 10:00:00,-1.687332333,0.97499997,102.36000013400002,77.428977489,92.44897985499999
2018-01-09 10:15:00,-1.8636913740000003,0.97499997,87.155293464,83.699866296,86.459783553
2018-01-09 10:30:00,-2.040050385,0.97499997,107.531222343,107.32899427399998,104.90814495100001
2018-01-09 10:45:00,-2.2164094030000006,0.97499997,74.597801687,63.179593087,66.264706134
2018-01-09 11:00:00,-1.776184996,0.97499997,106.00538968799998,92.74793672500002,99.92469596799998
2018-01-09 11:15:00,-1.4041190419999998,0.97499997,132.699490549,124.85380172899998,113.362572671
2018-01-09 11:30:00,-0.24366667600000008,0.97499997,109.50383997000002,98.34770298099998,86.01436877500001
2018-01-09 11:45:00,-1.6220998709999999,0.97499997,144.97435806800002,125.085087767,138.789741514
2018-01-09 12:00:00,0.057167781000000015,0.97499997,127.317435279,132.235469819,124.62652708499998
2018-01-09 12:15:00,-0.806010153,0.97499997,92.857143402,72.484276533,77.857143163
2018-01-09 12:30:00,-1.731329785,0.97499997,109.604178425,87.496769904,101.244771957
2018-01-09 12:45:00,-2.656649426,0.97499997,107.16367387800001,102.527906892,91.981395245
2018-01-09 13:00:00,-1.8552322390000002,0.97499997,92.736304284,126.41589117199999,89.361303808
2018-01-09 13:15:00,0.607983847,0.97499997,95.728947163,87.728947163,77.1875
2018-01-09 13:30:00,1.70758056,0.97499997,102.47053861900001,89.26364183700001,95.154166698
2018-01-09 13:45:00,2.601919229999999,0.97499997,119.254404067,105.71992349599999,124.43880462599999
2018-01-09 14:00:00,2.684999849999999,0.97499997,112.611939431,97.611939908,112.611939431
2018-01-09 14:15:00,2.684999849999999,0.97499997,99.773073674,86.732257844,99.773073674
2018-01-09 14:30:00,2.684999849999999,0.97499997,137.80882358600002,135.58549785600002,136.603162766
2018-01-09 14:45:00,2.684999849999999,0.97499997,150.04178332700002,142.903403281,145.404624939
2018-01-09 15:00:00,2.684999849999999,0.97499997,161.32311918,148.83095455,153.20809364599998
2018-01-09 15:15:00,2.684999849999999,0.97499997,172.60445689,154.75850772999996,161.01155948
2018-01-09 15:30:00,2.684999849999999,0.97499997,178.32627487,160.68605899000002,168.81502819000002
2018-01-09 15:45:00,2.684999849999999,0.97499997,174.1889019,166.61361123000003,176.5895729
2018-01-09 16:00:00,2.684999849999999,0.97499997,169.86659528,172.5411644,177.04633236
2018-01-09 16:15:00,2.684999849999999,0.97499997,165.54428957999997,178.46871471999998,171.83397770000002
2018-01-09 16:30:00,2.684999849999999,0.97499997,161.22198486,184.39626789,166.62162304000003
2018-01-09 16:45:00,2.684999849999999,0.97499997,156.89968014,190.32382105999997,161.40926838
2018-01-09 17:00:00,2.684999849999999,0.97499997,152.57737542,183.87113762,156.1969099
2018-01-09 17:15:00,2.684999849999999,0.97499997,148.25506973100002,151.48909475600001,150.98455428899996
2018-01-09 17:30:00,2.684999849999999,0.97499997,143.932763102,145.251255987,145.77219963
2018-01-09 17:45:00,2.684999849999999,0.97499997,139.610458373,141.180904392,140.55984497100002
2018-01-09 18:00:00,2.684999849999999,0.97499997,135.359990119,137.11055278600003,135.50093746200002
2018-01-09 18:15:00,2.684999849999999,0.97499997,131.684210777,133.040201189,131.669603348
2018-01-09 18:30:00,2.684999849999999,0.97499997,128.131578445,128.969848632,128.10132122000002
2018-01-09 18:45:00,2.684999849999999,0.97499997,124.57894706800002,124.89949703100001,124.53303909300001
2018-01-09 19:00:00,2.684999849999999,0.97499997,121.026316643,120.829145433,120.964756966
2018-01-09 19:15:00,2.684999849999999,0.97499997,117.473684311,116.758794306,117.39647627
2018-01-09 19:30:00,2.684999849999999,0.97499997,113.921052456,112.68844223299999,113.828194142
2018-01-09 19:45:00,2.684999849999999,0.97499997,110.36842107799998,108.618090627,110.259912014
2018-01-09 20:00:00,2.684999849999999,0.97499997,106.815789222,105.132232668,106.691629885
2018-01-09 20:15:00,2.684999849999999,0.97499997,103.26315784499998,103.95652151099999,103.12334775999999
2018-01-09 20:30:00,2.684999849999999,0.97499997,99.710525989,103.01739215900001,99.55506563199998
2018-01-09 20:45:00,2.684999849999999,0.97499997,96.15789508899996,102.078261376,95.98678398199999
2018-01-09 21:00:00,2.684999849999999,0.97499997,92.605263233,101.139130592,92.41850280899999
2018-01-09 21:15:00,2.684999849999999,0.97499997,90.094737053,100.19999980899999,89.89700794199999
2018-01-09 21:30:00,2.684999849999999,0.97499997,90.0,99.260869025,89.37956190199998
2018-01-09 21:45:00,2.684999849999999,0.97499997,90.0,98.321738243,88.91032362000001
2018-01-09 22:00:00,2.684999849999999,0.97499997,90.0,97.38260889099999,88.441084385
2018-01-09 22:15:00,2.684999849999999,0.97499997,90.0,96.44347906100002,87.97184562600002
2018-01-09 22:30:00,2.684999849999999,0.97499997,90.0,95.50434827800002,87.50260686900002
2018-01-09 22:45:00,2.684999849999999,0.97499997,90.0,94.56521749399998,87.03336811
2018-01-09 23:00:00,2.684999849999999,0.97499997,90.0,93.626086712,86.56412935200002
2018-01-09 23:15:00,2.684999849999999,0.97499997,90.0,92.68695592800002,86.094890117
2018-01-09 23:30:00,2.684999849999999,0.97499997,90.0,91.74782514600003,85.625651835
2018-01-09 23:45:00,2.684999849999999,0.97499997,90.0,90.808696271,85.156413078
2018-01-10 00:00:00,2.684999849999999,0.97499997,90.0,89.869565963,84.687173842
2018-01-10 00:15:00,2.684999849999999,0.97499997,90.0,88.93043518100001,84.21793556100002
2018-01-10 00:30:00,2.684999849999999,0.97499997,90.0,87.99130439699998,83.748696804
2018-01-10 00:45:00,2.684999849999999,0.97499997,90.0,87.05217361500002,83.27945757000002
2018-01-10 01:00:00,2.684999849999999,0.97499997,90.0,86.11304283200002,82.81021881100001
2018-01-10 01:15:00,2.684999849999999,0.97499997,90.0,85.173912048,82.34098053000001
2018-01-10 01:30:00,2.684999849999999,0.97499997,90.0,84.234783173,81.87174129600001
2018-01-10 01:45:00,2.684999849999999,0.97499997,90.0,83.295652866,81.40250206100002
2018-01-10 02:00:00,2.684999849999999,0.97499997,90.0,82.356522084,80.93326425600002
2018-01-10 02:15:00,2.684999849999999,0.97499997,90.0,81.417391301,80.464025022
2018-01-10 02:30:00,2.684999849999999,0.97499997,90.0,80.478260517,79.99478578700001
2018-01-10 02:45:00,2.684999849999999,0.97499997,90.0,79.53912973400001,79.525547982
2018-01-10 03:00:00,2.684999849999999,0.97499997,90.0,78.59999895099999,79.05630874700002
2018-01-10 03:15:00,2.684999849999999,0.97499997,90.0,77.660870553,78.58706951100001
2018-01-10 03:30:00,2.684999849999999,0.97499997,90.0,76.72173976900001,78.11783123100001
2018-01-10 03:45:00,2.684999849999999,0.97499997,90.0,75.782608986,77.648592471
2018-01-10 04:00:00,2.684999849999999,0.97499997,90.0,76.53243732600001,77.179353237
2018-01-10 04:15:00,2.684999849999999,0.97499997,90.0,82.77138137799999,76.710114478
2018-01-10 04:30:00,2.684999849999999,0.97499997,90.0,89.432565689,76.240876197
2018-01-10 04:45:00,2.684999849999999,0.97499997,90.0,96.09375,75.771636962
2018-01-10 05:00:00,2.684999849999999,0.97499997,90.0,102.75493431100001,75.302398204
2018-01-10 05:15:00,2.684999849999999,0.97499997,99.97422695200001,109.416118622,83.103227137
2018-01-10 05:30:00,2.684999849999999,0.97499997,120.85051488799999,116.07730245599998,105.0
2018-01-10 05:45:00,2.634190409,0.97499997,133.449452399,118.472645283,118.42992925699998
2018-01-10 06:00:00,2.382562638,0.97499997,130.201611518,114.88819360699999,115.201613903
2018-01-10 06:15:00,2.110369162,0.97499997,126.572581291,111.265652657,111.57257986100001
2018-01-10 06:30:00,1.838175662,0.97499997,122.943547248,107.643112659,107.943549157
2018-01-10 06:45:00,1.565982186,0.97499997,119.314514637,104.020572663,104.31451559099999
2018-01-10 07:00:00,1.2937886939999999,0.97499997,115.68548441,100.39803218799999,100.68548441
2018-01-10 07:15:00,1.0215952009999998,0.97499997,112.056451321,96.77549171499999,97.056451321
2018-01-10 07:30:00,0.749401723,0.97499997,108.427419663,93.152952194,93.427419663
2018-01-10 07:45:00,0.47720822700000004,0.97499997,104.798387051,89.530411243,89.798387051
2018-01-10 08:00:00,0.20501473999999997,0.97499997,101.16935491599999,85.90787077000002,86.169354916
2018-01-10 08:15:00,-0.067178747,0.97499997,97.54032278100001,82.285331248,82.54032278100001
2018-01-10 08:30:00,-0.33937222799999994,0.97499997,93.911290169,78.66279077600001,78.911290169
2018-01-10 08:45:00,-0.611565717,0.97499997,88.28225994100002,77.254559994,73.28225994099999
2018-01-10 09:00:00,-0.883759212,0.97499997,65.90322542199999,89.77859735499999,50.903225661
2018-01-10 09:15:00,-1.155952692,0.97499997,55.867172481,104.72324752799999,40.243859052999994
2018-01-10 09:30:00,-1.3596068019999996,0.97499997,84.23697423900002,87.505582572,69.50326085100001
2018-01-10 09:45:00,-1.2434104160000001,0.97499997,76.28571414999999,66.783088446,69.58783769499999
2018-01-10 10:00:00,-1.08723273,0.97499997,63.428571701,91.599264621,64.114864826
2018-01-10 10:15:00,-0.9310550470000001,0.97499997,51.30588197800001,101.40271997600001,58.641891958
2018-01-10 10:30:00,-0.7748773609999999,0.97499997,67.83224392,84.159291744,53.168919086
2018-01-10 10:45:00,-0.618699674,0.97499997,70.64814805900001,96.10619449800001,47.695945977
2018-01-10 11:00:00,-0.462521988,0.97499997,78.981481552,108.05309772300001,42.222973109
2018-01-10 11:15:00,-0.306344305,0.97499997,87.31481456700001,120.000000477,36.75
2018-01-10 11:30:00,-0.150166617,0.97499997,95.64814805900001,131.946902277,33.871621606999994
2018-01-10 11:45:00,0.006011071,0.97499997,94.91829967500001,143.893804548,85.17857194
2018-01-10 12:00:00,0.162188753,0.97499997,107.846879477,112.96226406200002,97.962264057
2018-01-10 12:15:00,0.318366439,0.97499997,97.783720019,100.477097991,85.67971349300001
2018-01-10 12:30:00,0.47454413,0.97499997,96.88016510099999,102.14876175,87.14876175
2018-01-10 12:45:00,0.6307218140000002,0.97499997,135.929751874,146.77685738,131.776857378
2018-01-10 13:00:00,0.786899504,0.97499997,111.72331714299997,113.80404495599998,102.74967336299999
2018-01-10 13:15:00,0.9430771830000001,0.97499997,85.83333301600001,62.798781393999995,78.283018589
2018-01-10 13:30:00,1.09925487,0.97499997,60.833333016000005,67.73780489,63.000000001
2018-01-10 13:45:00,1.2554325610000001,0.97499997,58.564327479,72.676827908,50.11248755500001
2018-01-10 14:00:00,1.411610246,0.97499997,76.27729725900001,77.61585474,70.419847251
2018-01-10 14:15:00,1.567787931,0.97499997,74.924360992,82.554878236,64.47059416900001
2018-01-10 14:30:00,1.723965624,0.97499997,65.213903664,87.49390125200003,75.02467084
2018-01-10 14:45:00,1.8801433079999998,0.97499997,58.59796738600001,92.43292808599999,54.32432460800001
2018-01-10 15:00:00,2.0363209999999996,0.97499997,96.111112593,97.37195110299999,81.33333325399998
2018-01-10 15:15:00,2.1924986680000003,0.97499997,121.282051087,102.31097459799999,107.10526275699999
2018-01-10 15:30:00,2.3246134350000003,0.97499997,141.66565990499998,108.38095664800001,119.30304431899998
2018-01-10 15:45:00,2.33999982,0.97499997,113.738080025,115.796703338,117.83272075600001
2018-01-10 16:00:00,2.33999982,0.97499997,115.657895086,123.214285851,116.34374999999997
2018-01-10 16:15:00,2.33999982,0.97499997,126.31578922100003,130.63186836300002,114.854779721
2018-01-10 16:30:00,2.33999982,0.97499997,136.973684311,138.04944992100002,113.36580848499999
2018-01-10 16:45:00,2.33999982,0.97499997,147.10031032599997,145.467033386,111.876838208
2018-01-10 17:00:00,2.33999982,0.97499997,147.561919212,148.68396759,110.38786745300001
2018-01-10 17:15:00,0.623999952,0.259999992,38.820433617000006,39.121718406,29.18529415
